,0,1,2,3,4,5,6,7,8,9,10,11,12,13,14,15,16,17
0:00:00,,,,,,,,,,,,,,,,normal,4,26
,0,1,2,3,4,5,6,7,8,9,10,11,12,13,14,15,16,17
0:00:01,,,,,,,,,,,,,,,,normal,4,26
,0,1,2,3,4,5,6,7,8,9,10,11,12,13,14,15,16,17
0:00:02,,,,,,,,,,,,,,,,normal,4,26
,0,1,2,3,4,5,6,7,8,9,10,11,12,13,14,15,16,17
0:00:03,,,,,,,,,,,,,,,,normal,4,26
,0,1,2,3,4,5,6,7,8,9,10,11,12,13,14,15,16,17
0:00:04,,,,,,,,,,,,,,,,normal,4,26
,0,1,2,3,4,5,6,7,8,9,10,11,12,13,14,15,16,17
0:00:05,,,,,,,,,,,,,,,,normal,4,26
,0,1,2,3,4,5,6,7,8,9,10,11,12,13,14,15,16,17
0:00:06,,,,,,,,,,,,,,,,normal,4,26
,0,1,2,3,4,5,6,7,8,9,10,11,12,13,14,15,16,17
0:00:07,,,,,,,,,,,,,,,,normal,4,26
,0,1,2,3,4,5,6,7,8,9,10,11,12,13,14,15,16,17
0:00:08,,,,,,,,,,,,,,,,normal,4,26
,0,1,2,3,4,5,6,7,8,9,10,11,12,13,14,15,16,17
0:00:09,,,,,,,,,,,,,,,,normal,4,26
,0,1,2,3,4,5,6,7,8,9,10,11,12,13,14,15,16,17
0:00:10,,,,,,,,,,,,,,,,normal,4,26
,0,1,2,3,4,5,6,7,8,9,10,11,12,13,14,15,16,17
0:00:11,,,,,,,,,,,,,,,,normal,4,26
,0,1,2,3,4,5,6,7,8,9,10,11,12,13,14,15,16,17
0:00:12,,,,,,,,,,,,,,,,normal,4,26
,0,1,2,3,4,5,6,7,8,9,10,11,12,13,14,15,16,17
0:00:13,,,,,,,,,,,,,,,,normal,4,26
,0,1,2,3,4,5,6,7,8,9,10,11,12,13,14,15,16,17
0:00:14,,,,,,,,,,,,,,,,normal,4,26
,0,1,2,3,4,5,6,7,8,9,10,11,12,13,14,15,16,17
0:00:15,,,,,,,,,,,,,,,,normal,4,26
,0,1,2,3,4,5,6,7,8,9,10,11,12,13,14,15,16,17
0:00:16,,,,,,,,,,,,,,,,normal,4,26
,0,1,2,3,4,5,6,7,8,9,10,11,12,13,14,15,16,17
0:00:17,,,,,,,,,,,,,,,,normal,4,26
,0,1,2,3,4,5,6,7,8,9,10,11,12,13,14,15,16,17
0:00:18,,,,,,,,,,,,,,,,normal,4,26
,0,1,2,3,4,5,6,7,8,9,10,11,12,13,14,15,16,17
0:00:19,,,,,,,,,,,,,,,,normal,4,26
,0,1,2,3,4,5,6,7,8,9,10,11,12,13,14,15,16,17
0:00:20,,,,,,,,,,,,,,,,normal,4,26
,0,1,2,3,4,5,6,7,8,9,10,11,12,13,14,15,16,17
0:00:21,,,,,,,,,,,,,,,,normal,4,26
,0,1,2,3,4,5,6,7,8,9,10,11,12,13,14,15,16,17
0:00:22,,,,,,,,,,,,,,,,normal,4,26
,0,1,2,3,4,5,6,7,8,9,10,11,12,13,14,15,16,17
0:00:23,,,,,,,,,,,,,,,,normal,4,26
,0,1,2,3,4,5,6,7,8,9,10,11,12,13,14,15,16,17
0:00:24,,,,,,,,,,,,,,,,normal,4,26
,0,1,2,3,4,5,6,7,8,9,10,11,12,13,14,15,16,17
0:00:25,,,,,,,,,,,,,,,,normal,4,26
,0,1,2,3,4,5,6,7,8,9,10,11,12,13,14,15,16,17
0:00:26,,,,,,,,,,,,,,,,normal,4,26
,0,1,2,3,4,5,6,7,8,9,10,11,12,13,14,15,16,17
0:00:27,,,,,,,,,,,,,,,,normal,4,26
,0,1,2,3,4,5,6,7,8,9,10,11,12,13,14,15,16,17
0:00:28,,,,,,,,,,,,,,,,normal,4,26
,0,1,2,3,4,5,6,7,8,9,10,11,12,13,14,15,16,17
0:00:29,,,,,,,,,,,,,,,,normal,4,26
,0,1,2,3,4,5,6,7,8,9,10,11,12,13,14,15,16,17
0:00:30,,,,,,,,,,,,,,,,normal,4,26
,0,1,2,3,4,5,6,7,8,9,10,11,12,13,14,15,16,17
0:00:31,,,,,,,,,,,,,,,,normal,4,26
,0,1,2,3,4,5,6,7,8,9,10,11,12,13,14,15,16,17
0:00:32,,,,,,,,,,,,,,,,normal,4,26
,0,1,2,3,4,5,6,7,8,9,10,11,12,13,14,15,16,17
0:00:33,,,,,,,,,,,,,,,,normal,4,26
,0,1,2,3,4,5,6,7,8,9,10,11,12,13,14,15,16,17
0:00:34,,,,,,,,,,,,,,,,normal,4,26
,0,1,2,3,4,5,6,7,8,9,10,11,12,13,14,15,16,17
0:00:35,,,,,,,,,,,,,,,,normal,4,26
,0,1,2,3,4,5,6,7,8,9,10,11,12,13,14,15,16,17
0:00:36,,,,,,,,,,,,,,,,normal,4,26
,0,1,2,3,4,5,6,7,8,9,10,11,12,13,14,15,16,17
0:00:37,,,,,,,,,,,,,,,,normal,4,26
,0,1,2,3,4,5,6,7,8,9,10,11,12,13,14,15,16,17
0:00:38,,,,,,,,,,,,,,,,normal,4,26
,0,1,2,3,4,5,6,7,8,9,10,11,12,13,14,15,16,17
0:00:39,,,,,,,,,,,,,,,,normal,4,26
,0,1,2,3,4,5,6,7,8,9,10,11,12,13,14,15,16,17
0:00:40,,,,,,,,,,,,,,,,normal,4,26
,0,1,2,3,4,5,6,7,8,9,10,11,12,13,14,15,16,17
0:00:41,,,,,,,,,,,,,,,,normal,4,26
,0,1,2,3,4,5,6,7,8,9,10,11,12,13,14,15,16,17
0:00:42,,,,,,,,,,,,,,,,normal,4,26
,0,1,2,3,4,5,6,7,8,9,10,11,12,13,14,15,16,17
0:00:43,,,,,,,,,,,,,,,,normal,4,26
,0,1,2,3,4,5,6,7,8,9,10,11,12,13,14,15,16,17
0:00:44,,,,,,,,,,,,,,,,normal,4,26
,0,1,2,3,4,5,6,7,8,9,10,11,12,13,14,15,16,17
0:00:45,,,,,,,,,,,,,,,,normal,4,26
,0,1,2,3,4,5,6,7,8,9,10,11,12,13,14,15,16,17
0:00:46,,,,,,,,,,,,,,,,normal,4,26
,0,1,2,3,4,5,6,7,8,9,10,11,12,13,14,15,16,17
0:00:47,,,,,,,,,,,,,,,,normal,4,26
,0,1,2,3,4,5,6,7,8,9,10,11,12,13,14,15,16,17
0:00:48,,,,,,,,,,,,,,,,normal,4,26
,0,1,2,3,4,5,6,7,8,9,10,11,12,13,14,15,16,17
0:00:49,,,,,,,,,,,,,,,,normal,4,26
,0,1,2,3,4,5,6,7,8,9,10,11,12,13,14,15,16,17
0:00:50,,,,,,,,,,,,,,,,normal,4,26
,0,1,2,3,4,5,6,7,8,9,10,11,12,13,14,15,16,17
0:00:51,,,,,,,,,,,,,,,,normal,4,26
,0,1,2,3,4,5,6,7,8,9,10,11,12,13,14,15,16,17
0:00:52,,,,,,,,,,,,,,,,normal,4,26
,0,1,2,3,4,5,6,7,8,9,10,11,12,13,14,15,16,17
0:00:53,,,,,,,,,,,,,,,,normal,4,26
,0,1,2,3,4,5,6,7,8,9,10,11,12,13,14,15,16,17
0:00:54,,,,,,,,,,,,,,,,normal,4,26
,0,1,2,3,4,5,6,7,8,9,10,11,12,13,14,15,16,17
0:00:55,,,,,,,,,,,,,,,,normal,4,26
,0,1,2,3,4,5,6,7,8,9,10,11,12,13,14,15,16,17
0:00:56,,,,,,,,,,,,,,,,normal,4,26
,0,1,2,3,4,5,6,7,8,9,10,11,12,13,14,15,16,17
0:00:57,,,,,,,,,,,,,,,,normal,4,26
,0,1,2,3,4,5,6,7,8,9,10,11,12,13,14,15,16,17
0:00:58,,,,,,,,,,,,,,,,normal,4,26
,0,1,2,3,4,5,6,7,8,9,10,11,12,13,14,15,16,17
0:00:59,,,,,,,,,,,,,,,,normal,4,26
,0,1,2,3,4,5,6,7,8,9,10,11,12,13,14,15,16,17
0:01:00,,,,,,,,,,,,,,,,normal,4,26
,0,1,2,3,4,5,6,7,8,9,10,11,12,13,14,15,16,17
0:01:01,,,,,,,,,,,,,,,,normal,4,26
,0,1,2,3,4,5,6,7,8,9,10,11,12,13,14,15,16,17
0:01:02,,,,,,,,,,,,,,,,normal,4,26
,0,1,2,3,4,5,6,7,8,9,10,11,12,13,14,15,16,17
0:01:03,,,,,,,,,,,,,,,,normal,4,26
,0,1,2,3,4,5,6,7,8,9,10,11,12,13,14,15,16,17
0:01:04,,,,,,,,,,,,,,,,normal,4,26
,0,1,2,3,4,5,6,7,8,9,10,11,12,13,14,15,16,17
0:01:05,,,,,,,,,,,,,,,,normal,4,26
,0,1,2,3,4,5,6,7,8,9,10,11,12,13,14,15,16,17
0:01:06,,,,,,,,,,,,,,,,normal,4,26
,0,1,2,3,4,5,6,7,8,9,10,11,12,13,14,15,16,17
0:01:07,,,,,,,,,,,,,,,,normal,4,26
,0,1,2,3,4,5,6,7,8,9,10,11,12,13,14,15,16,17
0:01:08,,,,,,,,,,,,,,,,normal,4,26
,0,1,2,3,4,5,6,7,8,9,10,11,12,13,14,15,16,17
0:01:09,,,,,,,,,,,,,,,,normal,4,26
,0,1,2,3,4,5,6,7,8,9,10,11,12,13,14,15,16,17
0:01:10,,,,,,,,,,,,,,,,normal,4,26
,0,1,2,3,4,5,6,7,8,9,10,11,12,13,14,15,16,17
0:01:11,,,,,,,,,,,,,,,,normal,4,26
,0,1,2,3,4,5,6,7,8,9,10,11,12,13,14,15,16,17
0:01:12,,,,,,,,,,,,,,,,normal,4,26
,0,1,2,3,4,5,6,7,8,9,10,11,12,13,14,15,16,17
0:01:13,,,,,,,,,,,,,,,,normal,4,26
,0,1,2,3,4,5,6,7,8,9,10,11,12,13,14,15,16,17
0:01:14,,,,,,,,,,,,,,,,normal,4,26
,0,1,2,3,4,5,6,7,8,9,10,11,12,13,14,15,16,17
0:01:15,,,,,,,,,,,,,,,,normal,4,26
,0,1,2,3,4,5,6,7,8,9,10,11,12,13,14,15,16,17
0:01:16,,,,,,,,,,,,,,,,normal,4,26
,0,1,2,3,4,5,6,7,8,9,10,11,12,13,14,15,16,17
0:01:17,,,,,,,,,,,,,,,,normal,4,26
,0,1,2,3,4,5,6,7,8,9,10,11,12,13,14,15,16,17
0:01:18,,,,,,,,,,,,,,,,normal,4,26
,0,1,2,3,4,5,6,7,8,9,10,11,12,13,14,15,16,17
0:01:19,,,,,,,,,,,,,,,,normal,4,26
,0,1,2,3,4,5,6,7,8,9,10,11,12,13,14,15,16,17
0:01:20,,,,,,,,,,,,,,,,normal,4,26
,0,1,2,3,4,5,6,7,8,9,10,11,12,13,14,15,16,17
0:01:21,,,,,,,,,,,,,,,,normal,4,26
,0,1,2,3,4,5,6,7,8,9,10,11,12,13,14,15,16,17
0:01:22,,,,,,,,,,,,,,,,normal,4,26
,0,1,2,3,4,5,6,7,8,9,10,11,12,13,14,15,16,17
0:01:23,,,,,,,,,,,,,,,,normal,4,26
,0,1,2,3,4,5,6,7,8,9,10,11,12,13,14,15,16,17
0:01:24,,,,,,,,,,,,,,,,normal,4,26
,0,1,2,3,4,5,6,7,8,9,10,11,12,13,14,15,16,17
0:01:25,,,,,,,,,,,,,,,,normal,4,26
,0,1,2,3,4,5,6,7,8,9,10,11,12,13,14,15,16,17
0:01:26,,,,,,,,,,,,,,,,normal,4,26
,0,1,2,3,4,5,6,7,8,9,10,11,12,13,14,15,16,17
0:01:27,,,,,,,,,,,,,,,,normal,4,26
,0,1,2,3,4,5,6,7,8,9,10,11,12,13,14,15,16,17
0:01:28,,,,,,,,,,,,,,,,normal,4,26
,0,1,2,3,4,5,6,7,8,9,10,11,12,13,14,15,16,17
0:01:29,,,,,,,,,,,,,,,,normal,4,26
,0,1,2,3,4,5,6,7,8,9,10,11,12,13,14,15,16,17
0:01:30,,,,,,,,,,,,,,,,normal,4,26
,0,1,2,3,4,5,6,7,8,9,10,11,12,13,14,15,16,17
0:01:31,,,,,,,,,,,,,,,,normal,4,26
,0,1,2,3,4,5,6,7,8,9,10,11,12,13,14,15,16,17
0:01:32,,,,,,,,,,,,,,,,normal,4,26
,0,1,2,3,4,5,6,7,8,9,10,11,12,13,14,15,16,17
0:01:33,,,,,,,,,,,,,,,,normal,4,26
,0,1,2,3,4,5,6,7,8,9,10,11,12,13,14,15,16,17
0:01:34,,,,,,,,,,,,,,,,normal,4,26
,0,1,2,3,4,5,6,7,8,9,10,11,12,13,14,15,16,17
0:01:35,,,,,,,,,,,,,,,,normal,4,26
,0,1,2,3,4,5,6,7,8,9,10,11,12,13,14,15,16,17
0:01:36,,,,,,,,,,,,,,,,normal,4,26
,0,1,2,3,4,5,6,7,8,9,10,11,12,13,14,15,16,17
0:01:37,,,,,,,,,,,,,,,,normal,4,26
,0,1,2,3,4,5,6,7,8,9,10,11,12,13,14,15,16,17
0:01:38,,,,,,,,,,,,,,,,normal,4,26
,0,1,2,3,4,5,6,7,8,9,10,11,12,13,14,15,16,17
0:01:39,,,,,,,,,,,,,,,,normal,4,26
,0,1,2,3,4,5,6,7,8,9,10,11,12,13,14,15,16,17
0:01:40,,,,,,,,,,,,,,,,normal,4,26
,0,1,2,3,4,5,6,7,8,9,10,11,12,13,14,15,16,17
0:01:41,,,,,,,,,,,,,,,,normal,4,26
,0,1,2,3,4,5,6,7,8,9,10,11,12,13,14,15,16,17
0:01:42,,,,,,,,,,,,,,,,normal,4,26
,0,1,2,3,4,5,6,7,8,9,10,11,12,13,14,15,16,17
0:01:43,,,,,,,,,,,,,,,,normal,4,26
,0,1,2,3,4,5,6,7,8,9,10,11,12,13,14,15,16,17
0:01:44,,,,,,,,,,,,,,,,normal,4,26
,0,1,2,3,4,5,6,7,8,9,10,11,12,13,14,15,16,17
0:01:45,,,,,,,,,,,,,,,,normal,4,26
,0,1,2,3,4,5,6,7,8,9,10,11,12,13,14,15,16,17
0:01:46,,,,,,,,,,,,,,,,normal,4,26
,0,1,2,3,4,5,6,7,8,9,10,11,12,13,14,15,16,17
0:01:47,,,,,,,,,,,,,,,,normal,4,26
,0,1,2,3,4,5,6,7,8,9,10,11,12,13,14,15,16,17
0:01:48,,,,,,,,,,,,,,,,normal,4,26
,0,1,2,3,4,5,6,7,8,9,10,11,12,13,14,15,16,17
0:01:49,,,,,,,,,,,,,,,,normal,4,26
,0,1,2,3,4,5,6,7,8,9,10,11,12,13,14,15,16,17
0:01:50,,,,,,,,,,,,,,,,normal,4,26
,0,1,2,3,4,5,6,7,8,9,10,11,12,13,14,15,16,17
0:01:51,,,,,,,,,,,,,,,,normal,4,26
,0,1,2,3,4,5,6,7,8,9,10,11,12,13,14,15,16,17
0:01:52,,,,,,,,,,,,,,,,normal,4,26
,0,1,2,3,4,5,6,7,8,9,10,11,12,13,14,15,16,17
0:01:53,,,,,,,,,,,,,,,,normal,4,26
,0,1,2,3,4,5,6,7,8,9,10,11,12,13,14,15,16,17
0:01:54,,,,,,,,,,,,,,,,normal,4,26
,0,1,2,3,4,5,6,7,8,9,10,11,12,13,14,15,16,17
0:01:55,,,,,,,,,,,,,,,,normal,4,26
,0,1,2,3,4,5,6,7,8,9,10,11,12,13,14,15,16,17
0:01:56,,,,,,,,,,,,,,,,normal,4,26
,0,1,2,3,4,5,6,7,8,9,10,11,12,13,14,15,16,17
0:01:57,,,,,,,,,,,,,,,,normal,4,26
,0,1,2,3,4,5,6,7,8,9,10,11,12,13,14,15,16,17
0:01:58,,,,,,,,,,,,,,,,normal,4,26
,0,1,2,3,4,5,6,7,8,9,10,11,12,13,14,15,16,17
0:01:59,,,,,,,,,,,,,,,,normal,4,26
,0,1,2,3,4,5,6,7,8,9,10,11,12,13,14,15,16,17
0:02:00,,,,,,,,,,,,,,,,normal,4,26
,0,1,2,3,4,5,6,7,8,9,10,11,12,13,14,15,16,17
0:02:01,,,,,,,,,,,,,,,,normal,4,26
,0,1,2,3,4,5,6,7,8,9,10,11,12,13,14,15,16,17
0:02:02,,,,,,,,,,,,,,,,normal,4,26
,0,1,2,3,4,5,6,7,8,9,10,11,12,13,14,15,16,17
0:02:03,,,,,,,,,,,,,,,,normal,4,26
,0,1,2,3,4,5,6,7,8,9,10,11,12,13,14,15,16,17
0:02:04,,,,,,,,,,,,,,,,normal,4,26
,0,1,2,3,4,5,6,7,8,9,10,11,12,13,14,15,16,17
0:02:05,,,,,,,,,,,,,,,,normal,4,26
,0,1,2,3,4,5,6,7,8,9,10,11,12,13,14,15,16,17
0:02:06,,,,,,,,,,,,,,,,normal,4,26
,0,1,2,3,4,5,6,7,8,9,10,11,12,13,14,15,16,17
0:02:07,,,,,,,,,,,,,,,,normal,4,26
,0,1,2,3,4,5,6,7,8,9,10,11,12,13,14,15,16,17
0:02:08,,,,,,,,,,,,,,,,normal,4,26
,0,1,2,3,4,5,6,7,8,9,10,11,12,13,14,15,16,17
0:02:09,,,,,,,,,,,,,,,,normal,4,26
,0,1,2,3,4,5,6,7,8,9,10,11,12,13,14,15,16,17
0:02:10,,,,,,,,,,,,,,,,normal,4,26
,0,1,2,3,4,5,6,7,8,9,10,11,12,13,14,15,16,17
0:02:11,,,,,,,,,,,,,,,,normal,4,26
,0,1,2,3,4,5,6,7,8,9,10,11,12,13,14,15,16,17
0:02:12,,,,,,,,,,,,,,,,normal,4,26
,0,1,2,3,4,5,6,7,8,9,10,11,12,13,14,15,16,17
0:02:13,,,,,,,,,,,,,,,,normal,4,26
,0,1,2,3,4,5,6,7,8,9,10,11,12,13,14,15,16,17
0:02:14,,,,,,,,,,,,,,,,normal,4,26
,0,1,2,3,4,5,6,7,8,9,10,11,12,13,14,15,16,17
0:02:15,,,,,,,,,,,,,,,,normal,4,26
,0,1,2,3,4,5,6,7,8,9,10,11,12,13,14,15,16,17
0:02:16,,,,,,,,,,,,,,,,normal,4,26
,0,1,2,3,4,5,6,7,8,9,10,11,12,13,14,15,16,17
0:02:17,,,,,,,,,,,,,,,,normal,4,26
,0,1,2,3,4,5,6,7,8,9,10,11,12,13,14,15,16,17
0:02:18,,,,,,,,,,,,,,,,normal,4,26
,0,1,2,3,4,5,6,7,8,9,10,11,12,13,14,15,16,17
0:02:19,,,,,,,,,,,,,,,,normal,4,26
,0,1,2,3,4,5,6,7,8,9,10,11,12,13,14,15,16,17
0:02:20,,,,,,,,,,,,,,,,normal,4,26
,0,1,2,3,4,5,6,7,8,9,10,11,12,13,14,15,16,17
0:02:21,,,,,,,,,,,,,,,,normal,4,26
,0,1,2,3,4,5,6,7,8,9,10,11,12,13,14,15,16,17
0:02:22,,,,,,,,,,,,,,,,normal,4,26
,0,1,2,3,4,5,6,7,8,9,10,11,12,13,14,15,16,17
0:02:23,,,,,,,,,,,,,,,,normal,4,26
,0,1,2,3,4,5,6,7,8,9,10,11,12,13,14,15,16,17
0:02:24,,,,,,,,,,,,,,,,normal,4,26
,0,1,2,3,4,5,6,7,8,9,10,11,12,13,14,15,16,17
0:02:25,,,,,,,,,,,,,,,,normal,4,26
,0,1,2,3,4,5,6,7,8,9,10,11,12,13,14,15,16,17
0:02:26,,,,,,,,,,,,,,,,normal,4,26
,0,1,2,3,4,5,6,7,8,9,10,11,12,13,14,15,16,17
0:02:27,,,,,,,,,,,,,,,,normal,4,26
,0,1,2,3,4,5,6,7,8,9,10,11,12,13,14,15,16,17
0:02:28,,,,,,,,,,,,,,,,normal,4,26
,0,1,2,3,4,5,6,7,8,9,10,11,12,13,14,15,16,17
0:02:29,,,,,,,,,,,,,,,,normal,4,26
,0,1,2,3,4,5,6,7,8,9,10,11,12,13,14,15,16,17
0:02:30,,,,,,,,,,,,,,,,normal,4,26
,0,1,2,3,4,5,6,7,8,9,10,11,12,13,14,15,16,17
0:02:31,,,,,,,,,,,,,,,,normal,4,26
,0,1,2,3,4,5,6,7,8,9,10,11,12,13,14,15,16,17
0:02:32,,,,,,,,,,,,,,,,normal,4,26
,0,1,2,3,4,5,6,7,8,9,10,11,12,13,14,15,16,17
0:02:33,,,,,,,,,,,,,,,,normal,4,26
,0,1,2,3,4,5,6,7,8,9,10,11,12,13,14,15,16,17
0:02:34,,,,,,,,,,,,,,,,normal,4,26
,0,1,2,3,4,5,6,7,8,9,10,11,12,13,14,15,16,17
0:02:35,,,,,,,,,,,,,,,,normal,4,26
,0,1,2,3,4,5,6,7,8,9,10,11,12,13,14,15,16,17
0:02:36,,,,,,,,,,,,,,,,normal,4,26
,0,1,2,3,4,5,6,7,8,9,10,11,12,13,14,15,16,17
0:02:37,,,,,,,,,,,,,,,,normal,4,26
,0,1,2,3,4,5,6,7,8,9,10,11,12,13,14,15,16,17
0:02:38,,,,,,,,,,,,,,,,normal,4,26
,0,1,2,3,4,5,6,7,8,9,10,11,12,13,14,15,16,17
0:02:39,,,,,,,,,,,,,,,,normal,4,26
,0,1,2,3,4,5,6,7,8,9,10,11,12,13,14,15,16,17
0:02:40,,,,,,,,,,,,,,,,normal,4,26
,0,1,2,3,4,5,6,7,8,9,10,11,12,13,14,15,16,17
0:02:41,,,,,,,,,,,,,,,,normal,4,26
,0,1,2,3,4,5,6,7,8,9,10,11,12,13,14,15,16,17
0:02:42,,,,,,,,,,,,,,,,normal,4,26
,0,1,2,3,4,5,6,7,8,9,10,11,12,13,14,15,16,17
0:02:43,,,,,,,,,,,,,,,,normal,4,26
,0,1,2,3,4,5,6,7,8,9,10,11,12,13,14,15,16,17
0:02:44,,,,,,,,,,,,,,,,normal,4,26
,0,1,2,3,4,5,6,7,8,9,10,11,12,13,14,15,16,17
0:02:45,,,,,,,,,,,,,,,,normal,4,26
,0,1,2,3,4,5,6,7,8,9,10,11,12,13,14,15,16,17
0:02:46,,,,,,,,,,,,,,,,normal,4,26
,0,1,2,3,4,5,6,7,8,9,10,11,12,13,14,15,16,17
0:02:47,,,,,,,,,,,,,,,,normal,4,26
,0,1,2,3,4,5,6,7,8,9,10,11,12,13,14,15,16,17
0:02:48,,,,,,,,,,,,,,,,normal,4,26
,0,1,2,3,4,5,6,7,8,9,10,11,12,13,14,15,16,17
0:02:49,,,,,,,,,,,,,,,,normal,4,26
,0,1,2,3,4,5,6,7,8,9,10,11,12,13,14,15,16,17
0:02:50,,,,,,,,,,,,,,,,normal,4,26
,0,1,2,3,4,5,6,7,8,9,10,11,12,13,14,15,16,17
0:02:51,,,,,,,,,,,,,,,,normal,4,26
,0,1,2,3,4,5,6,7,8,9,10,11,12,13,14,15,16,17
0:02:52,,,,,,,,,,,,,,,,normal,4,26
,0,1,2,3,4,5,6,7,8,9,10,11,12,13,14,15,16,17
0:02:53,,,,,,,,,,,,,,,,normal,4,26
,0,1,2,3,4,5,6,7,8,9,10,11,12,13,14,15,16,17
0:02:54,,,,,,,,,,,,,,,,normal,4,26
,0,1,2,3,4,5,6,7,8,9,10,11,12,13,14,15,16,17
0:02:55,,,,,,,,,,,,,,,,normal,4,26
,0,1,2,3,4,5,6,7,8,9,10,11,12,13,14,15,16,17
0:02:56,,,,,,,,,,,,,,,,normal,4,26
,0,1,2,3,4,5,6,7,8,9,10,11,12,13,14,15,16,17
0:02:57,,,,,,,,,,,,,,,,normal,4,26
,0,1,2,3,4,5,6,7,8,9,10,11,12,13,14,15,16,17
0:02:58,,,,,,,,,,,,,,,,normal,4,26
,0,1,2,3,4,5,6,7,8,9,10,11,12,13,14,15,16,17
0:02:59,,,,,,,,,,,,,,,,normal,4,26
,0,1,2,3,4,5,6,7,8,9,10,11,12,13,14,15,16,17
0:03:00,,,,,,,,,,,,,,,,normal,4,26
,0,1,2,3,4,5,6,7,8,9,10,11,12,13,14,15,16,17
0:03:01,,,,,,,,,,,,,,,,normal,4,26
,0,1,2,3,4,5,6,7,8,9,10,11,12,13,14,15,16,17
0:03:02,,,,,,,,,,,,,,,,normal,4,26
,0,1,2,3,4,5,6,7,8,9,10,11,12,13,14,15,16,17
0:03:03,,,,,,,,,,,,,,,,normal,4,26
,0,1,2,3,4,5,6,7,8,9,10,11,12,13,14,15,16,17
0:03:04,,,,,,,,,,,,,,,,normal,4,26
,0,1,2,3,4,5,6,7,8,9,10,11,12,13,14,15,16,17
0:03:05,,,,,,,,,,,,,,,,normal,4,26
,0,1,2,3,4,5,6,7,8,9,10,11,12,13,14,15,16,17
0:03:06,,,,,,,,,,,,,,,,normal,4,26
,0,1,2,3,4,5,6,7,8,9,10,11,12,13,14,15,16,17
0:03:07,,,,,,,,,,,,,,,,normal,4,26
,0,1,2,3,4,5,6,7,8,9,10,11,12,13,14,15,16,17
0:03:08,,,,,,,,,,,,,,,,normal,4,26
,0,1,2,3,4,5,6,7,8,9,10,11,12,13,14,15,16,17
0:03:09,,,,,,,,,,,,,,,,normal,4,26
,0,1,2,3,4,5,6,7,8,9,10,11,12,13,14,15,16,17
0:03:10,,,,,,,,,,,,,,,,normal,4,26
,0,1,2,3,4,5,6,7,8,9,10,11,12,13,14,15,16,17
0:03:11,,,,,,,,,,,,,,,,normal,4,26
,0,1,2,3,4,5,6,7,8,9,10,11,12,13,14,15,16,17
0:03:12,,,,,,,,,,,,,,,,normal,4,26
,0,1,2,3,4,5,6,7,8,9,10,11,12,13,14,15,16,17
0:03:13,,,,,,,,,,,,,,,,normal,4,26
,0,1,2,3,4,5,6,7,8,9,10,11,12,13,14,15,16,17
0:03:14,,,,,,,,,,,,,,,,normal,4,26
,0,1,2,3,4,5,6,7,8,9,10,11,12,13,14,15,16,17
0:03:15,,,,,,,,,,,,,,,,normal,4,26
,0,1,2,3,4,5,6,7,8,9,10,11,12,13,14,15,16,17
0:03:16,,,,,,,,,,,,,,,,normal,4,26
,0,1,2,3,4,5,6,7,8,9,10,11,12,13,14,15,16,17
0:03:17,,,,,,,,,,,,,,,,normal,4,26
,0,1,2,3,4,5,6,7,8,9,10,11,12,13,14,15,16,17
0:03:18,,,,,,,,,,,,,,,,normal,4,26
,0,1,2,3,4,5,6,7,8,9,10,11,12,13,14,15,16,17
0:03:19,,,,,,,,,,,,,,,,normal,4,26
,0,1,2,3,4,5,6,7,8,9,10,11,12,13,14,15,16,17
0:03:20,,,,,,,,,,,,,,,,normal,4,26
,0,1,2,3,4,5,6,7,8,9,10,11,12,13,14,15,16,17
0:03:21,,,,,,,,,,,,,,,,normal,4,26
,0,1,2,3,4,5,6,7,8,9,10,11,12,13,14,15,16,17
0:03:22,,,,,,,,,,,,,,,,normal,4,26
,0,1,2,3,4,5,6,7,8,9,10,11,12,13,14,15,16,17
0:03:23,,,,,,,,,,,,,,,,normal,4,26
,0,1,2,3,4,5,6,7,8,9,10,11,12,13,14,15,16,17
0:03:24,,,,,,,,,,,,,,,,normal,4,26
,0,1,2,3,4,5,6,7,8,9,10,11,12,13,14,15,16,17
0:03:25,,,,,,,,,,,,,,,,normal,4,26
,0,1,2,3,4,5,6,7,8,9,10,11,12,13,14,15,16,17
0:03:26,,,,,,,,,,,,,,,,normal,4,26
,0,1,2,3,4,5,6,7,8,9,10,11,12,13,14,15,16,17
0:03:27,,,,,,,,,,,,,,,,normal,4,26
,0,1,2,3,4,5,6,7,8,9,10,11,12,13,14,15,16,17
0:03:28,,,,,,,,,,,,,,,,normal,4,26
,0,1,2,3,4,5,6,7,8,9,10,11,12,13,14,15,16,17
0:03:29,,,,,,,,,,,,,,,,normal,4,26
,0,1,2,3,4,5,6,7,8,9,10,11,12,13,14,15,16,17
0:03:30,,,,,,,,,,,,,,,,normal,4,26
,0,1,2,3,4,5,6,7,8,9,10,11,12,13,14,15,16,17
0:03:31,,,,,,,,,,,,,,,,normal,4,26
,0,1,2,3,4,5,6,7,8,9,10,11,12,13,14,15,16,17
0:03:32,,,,,,,,,,,,,,,,normal,4,26
,0,1,2,3,4,5,6,7,8,9,10,11,12,13,14,15,16,17
0:03:33,,,,,,,,,,,,,,,,normal,4,26
,0,1,2,3,4,5,6,7,8,9,10,11,12,13,14,15,16,17
0:03:34,,,,,,,,,,,,,,,,normal,4,26
,0,1,2,3,4,5,6,7,8,9,10,11,12,13,14,15,16,17
0:03:35,,,,,,,,,,,,,,,,normal,4,26
,0,1,2,3,4,5,6,7,8,9,10,11,12,13,14,15,16,17
0:03:36,,,,,,,,,,,,,,,,normal,4,26
,0,1,2,3,4,5,6,7,8,9,10,11,12,13,14,15,16,17
0:03:37,,,,,,,,,,,,,,,,normal,4,26
,0,1,2,3,4,5,6,7,8,9,10,11,12,13,14,15,16,17
0:03:38,,,,,,,,,,,,,,,,normal,4,26
,0,1,2,3,4,5,6,7,8,9,10,11,12,13,14,15,16,17
0:03:39,,,,,,,,,,,,,,,,normal,4,26
,0,1,2,3,4,5,6,7,8,9,10,11,12,13,14,15,16,17
0:03:40,,,,,,,,,,,,,,,,normal,4,26
,0,1,2,3,4,5,6,7,8,9,10,11,12,13,14,15,16,17
0:03:41,,,,,,,,,,,,,,,,normal,4,26
,0,1,2,3,4,5,6,7,8,9,10,11,12,13,14,15,16,17
0:03:42,,,,,,,,,,,,,,,,normal,4,26
,0,1,2,3,4,5,6,7,8,9,10,11,12,13,14,15,16,17
0:03:43,,,,,,,,,,,,,,,,normal,4,26
,0,1,2,3,4,5,6,7,8,9,10,11,12,13,14,15,16,17
0:03:44,,,,,,,,,,,,,,,,normal,4,26
,0,1,2,3,4,5,6,7,8,9,10,11,12,13,14,15,16,17
0:03:45,,,,,,,,,,,,,,,,normal,4,26
,0,1,2,3,4,5,6,7,8,9,10,11,12,13,14,15,16,17
0:03:46,,,,,,,,,,,,,,,,normal,4,26
,0,1,2,3,4,5,6,7,8,9,10,11,12,13,14,15,16,17
0:03:47,,,,,,,,,,,,,,,,normal,4,26
,0,1,2,3,4,5,6,7,8,9,10,11,12,13,14,15,16,17
0:03:48,,,,,,,,,,,,,,,,normal,4,26
,0,1,2,3,4,5,6,7,8,9,10,11,12,13,14,15,16,17
0:03:49,,,,,,,,,,,,,,,,normal,4,26
,0,1,2,3,4,5,6,7,8,9,10,11,12,13,14,15,16,17
0:03:50,,,,,,,,,,,,,,,,normal,4,26
,0,1,2,3,4,5,6,7,8,9,10,11,12,13,14,15,16,17
0:03:51,,,,,,,,,,,,,,,,normal,4,26
,0,1,2,3,4,5,6,7,8,9,10,11,12,13,14,15,16,17
0:03:52,,,,,,,,,,,,,,,,normal,4,26
,0,1,2,3,4,5,6,7,8,9,10,11,12,13,14,15,16,17
0:03:53,,,,,,,,,,,,,,,,normal,4,26
,0,1,2,3,4,5,6,7,8,9,10,11,12,13,14,15,16,17
0:03:54,,,,,,,,,,,,,,,,normal,4,26
,0,1,2,3,4,5,6,7,8,9,10,11,12,13,14,15,16,17
0:03:55,,,,,,,,,,,,,,,,normal,4,26
,0,1,2,3,4,5,6,7,8,9,10,11,12,13,14,15,16,17
0:03:56,,,,,,,,,,,,,,,,normal,4,26
,0,1,2,3,4,5,6,7,8,9,10,11,12,13,14,15,16,17
0:03:57,,,,,,,,,,,,,,,,normal,4,26
,0,1,2,3,4,5,6,7,8,9,10,11,12,13,14,15,16,17
0:03:58,,,,,,,,,,,,,,,,normal,4,26
,0,1,2,3,4,5,6,7,8,9,10,11,12,13,14,15,16,17
0:03:59,,,,,,,,,,,,,,,,normal,4,26
,0,1,2,3,4,5,6,7,8,9,10,11,12,13,14,15,16,17
0:04:00,,,,,,,,,,,,,,,,normal,4,26
,0,1,2,3,4,5,6,7,8,9,10,11,12,13,14,15,16,17
0:04:01,,,,,,,,,,,,,,,,normal,4,26
,0,1,2,3,4,5,6,7,8,9,10,11,12,13,14,15,16,17
0:04:02,,,,,,,,,,,,,,,,normal,4,26
,0,1,2,3,4,5,6,7,8,9,10,11,12,13,14,15,16,17
0:04:03,,,,,,,,,,,,,,,,normal,4,26
,0,1,2,3,4,5,6,7,8,9,10,11,12,13,14,15,16,17
0:04:04,,,,,,,,,,,,,,,,normal,4,26
,0,1,2,3,4,5,6,7,8,9,10,11,12,13,14,15,16,17
0:04:05,,,,,,,,,,,,,,,,normal,4,26
,0,1,2,3,4,5,6,7,8,9,10,11,12,13,14,15,16,17
0:04:06,,,,,,,,,,,,,,,,normal,4,26
,0,1,2,3,4,5,6,7,8,9,10,11,12,13,14,15,16,17
0:04:07,,,,,,,,,,,,,,,,normal,4,26
,0,1,2,3,4,5,6,7,8,9,10,11,12,13,14,15,16,17
0:04:08,,,,,,,,,,,,,,,,normal,4,26
,0,1,2,3,4,5,6,7,8,9,10,11,12,13,14,15,16,17
0:04:09,,,,,,,,,,,,,,,,normal,4,26
,0,1,2,3,4,5,6,7,8,9,10,11,12,13,14,15,16,17
0:04:10,,,,,,,,,,,,,,,,normal,4,26
,0,1,2,3,4,5,6,7,8,9,10,11,12,13,14,15,16,17
0:04:11,,,,,,,,,,,,,,,,normal,4,26
,0,1,2,3,4,5,6,7,8,9,10,11,12,13,14,15,16,17
0:04:12,,,,,,,,,,,,,,,,normal,4,26
,0,1,2,3,4,5,6,7,8,9,10,11,12,13,14,15,16,17
0:04:13,,,,,,,,,,,,,,,,normal,4,26
,0,1,2,3,4,5,6,7,8,9,10,11,12,13,14,15,16,17
0:04:14,,,,,,,,,,,,,,,,normal,4,26
,0,1,2,3,4,5,6,7,8,9,10,11,12,13,14,15,16,17
0:04:15,,,,,,,,,,,,,,,,normal,4,26
,0,1,2,3,4,5,6,7,8,9,10,11,12,13,14,15,16,17
0:04:16,,,,,,,,,,,,,,,,normal,4,26
,0,1,2,3,4,5,6,7,8,9,10,11,12,13,14,15,16,17
0:04:17,,,,,,,,,,,,,,,,normal,4,26
,0,1,2,3,4,5,6,7,8,9,10,11,12,13,14,15,16,17
0:04:18,,,,,,,,,,,,,,,,normal,4,26
,0,1,2,3,4,5,6,7,8,9,10,11,12,13,14,15,16,17
0:04:19,,,,,,,,,,,,,,,,normal,4,26
,0,1,2,3,4,5,6,7,8,9,10,11,12,13,14,15,16,17
0:04:20,,,,,,,,,,,,,,,,normal,4,26
,0,1,2,3,4,5,6,7,8,9,10,11,12,13,14,15,16,17
0:04:21,,,,,,,,,,,,,,,,normal,4,26
,0,1,2,3,4,5,6,7,8,9,10,11,12,13,14,15,16,17
0:04:22,,,,,,,,,,,,,,,,normal,4,26
,0,1,2,3,4,5,6,7,8,9,10,11,12,13,14,15,16,17
0:04:23,,,,,,,,,,,,,,,,normal,4,26
,0,1,2,3,4,5,6,7,8,9,10,11,12,13,14,15,16,17
0:04:24,,,,,,,,,,,,,,,,normal,4,26
,0,1,2,3,4,5,6,7,8,9,10,11,12,13,14,15,16,17
0:04:25,,,,,,,,,,,,,,,,normal,4,26
,0,1,2,3,4,5,6,7,8,9,10,11,12,13,14,15,16,17
0:04:26,,,,,,,,,,,,,,,,normal,4,26
,0,1,2,3,4,5,6,7,8,9,10,11,12,13,14,15,16,17
0:04:27,,,,,,,,,,,,,,,,normal,4,26
,0,1,2,3,4,5,6,7,8,9,10,11,12,13,14,15,16,17
0:04:28,,,,,,,,,,,,,,,,normal,4,26
,0,1,2,3,4,5,6,7,8,9,10,11,12,13,14,15,16,17
0:04:29,,,,,,,,,,,,,,,,normal,4,26
,0,1,2,3,4,5,6,7,8,9,10,11,12,13,14,15,16,17
0:04:30,,,,,,,,,,,,,,,,normal,4,26
,0,1,2,3,4,5,6,7,8,9,10,11,12,13,14,15,16,17
0:04:31,,,,,,,,,,,,,,,,normal,4,26
,0,1,2,3,4,5,6,7,8,9,10,11,12,13,14,15,16,17
0:04:32,,,,,,,,,,,,,,,,normal,4,26
,0,1,2,3,4,5,6,7,8,9,10,11,12,13,14,15,16,17
0:04:33,,,,,,,,,,,,,,,,normal,4,26
,0,1,2,3,4,5,6,7,8,9,10,11,12,13,14,15,16,17
0:04:34,,,,,,,,,,,,,,,,normal,4,26
,0,1,2,3,4,5,6,7,8,9,10,11,12,13,14,15,16,17
0:04:35,,,,,,,,,,,,,,,,normal,4,26
,0,1,2,3,4,5,6,7,8,9,10,11,12,13,14,15,16,17
0:04:36,,,,,,,,,,,,,,,,normal,4,26
,0,1,2,3,4,5,6,7,8,9,10,11,12,13,14,15,16,17
0:04:37,,,,,,,,,,,,,,,,normal,4,26
,0,1,2,3,4,5,6,7,8,9,10,11,12,13,14,15,16,17
0:04:38,,,,,,,,,,,,,,,,normal,4,26
,0,1,2,3,4,5,6,7,8,9,10,11,12,13,14,15,16,17
0:04:39,,,,,,,,,,,,,,,,normal,4,26
,0,1,2,3,4,5,6,7,8,9,10,11,12,13,14,15,16,17
0:04:40,,,,,,,,,,,,,,,,normal,4,26
,0,1,2,3,4,5,6,7,8,9,10,11,12,13,14,15,16,17
0:04:41,,,,,,,,,,,,,,,,normal,4,26
,0,1,2,3,4,5,6,7,8,9,10,11,12,13,14,15,16,17
0:04:42,,,,,,,,,,,,,,,,normal,4,26
,0,1,2,3,4,5,6,7,8,9,10,11,12,13,14,15,16,17
0:04:43,,,,,,,,,,,,,,,,normal,4,26
,0,1,2,3,4,5,6,7,8,9,10,11,12,13,14,15,16,17
0:04:44,,,,,,,,,,,,,,,,normal,4,26
,0,1,2,3,4,5,6,7,8,9,10,11,12,13,14,15,16,17
0:04:45,,,,,,,,,,,,,,,,normal,4,26
,0,1,2,3,4,5,6,7,8,9,10,11,12,13,14,15,16,17
0:04:46,,,,,,,,,,,,,,,,normal,4,26
,0,1,2,3,4,5,6,7,8,9,10,11,12,13,14,15,16,17
0:04:47,,,,,,,,,,,,,,,,normal,4,26
,0,1,2,3,4,5,6,7,8,9,10,11,12,13,14,15,16,17
0:04:48,,,,,,,,,,,,,,,,normal,4,26
,0,1,2,3,4,5,6,7,8,9,10,11,12,13,14,15,16,17
0:04:49,,,,,,,,,,,,,,,,normal,4,26
,0,1,2,3,4,5,6,7,8,9,10,11,12,13,14,15,16,17
0:04:50,,,,,,,,,,,,,,,,normal,4,26
,0,1,2,3,4,5,6,7,8,9,10,11,12,13,14,15,16,17
0:04:51,,,,,,,,,,,,,,,,normal,4,26
,0,1,2,3,4,5,6,7,8,9,10,11,12,13,14,15,16,17
0:04:52,,,,,,,,,,,,,,,,normal,4,26
,0,1,2,3,4,5,6,7,8,9,10,11,12,13,14,15,16,17
0:04:53,,,,,,,,,,,,,,,,normal,4,26
,0,1,2,3,4,5,6,7,8,9,10,11,12,13,14,15,16,17
0:04:54,,,,,,,,,,,,,,,,normal,4,26
,0,1,2,3,4,5,6,7,8,9,10,11,12,13,14,15,16,17
0:04:55,,,,,,,,,,,,,,,,normal,4,26
,0,1,2,3,4,5,6,7,8,9,10,11,12,13,14,15,16,17
0:04:56,,,,,,,,,,,,,,,,normal,4,26
,0,1,2,3,4,5,6,7,8,9,10,11,12,13,14,15,16,17
0:04:57,,,,,,,,,,,,,,,,normal,4,26
,0,1,2,3,4,5,6,7,8,9,10,11,12,13,14,15,16,17
0:04:58,,,,,,,,,,,,,,,,normal,4,26
,0,1,2,3,4,5,6,7,8,9,10,11,12,13,14,15,16,17
0:04:59,,,,,,,,,,,,,,,,normal,4,26
,0,1,2,3,4,5,6,7,8,9,10,11,12,13,14,15,16,17
0:05:00,,,,,,,,,,,,,,,,normal,4,26
,0,1,2,3,4,5,6,7,8,9,10,11,12,13,14,15,16,17
0:05:01,,,,,,,,,,,,,,,,normal,4,26
,0,1,2,3,4,5,6,7,8,9,10,11,12,13,14,15,16,17
0:05:02,,,,,,,,,,,,,,,,normal,4,26
,0,1,2,3,4,5,6,7,8,9,10,11,12,13,14,15,16,17
0:05:03,,,,,,,,,,,,,,,,normal,4,26
,0,1,2,3,4,5,6,7,8,9,10,11,12,13,14,15,16,17
0:05:04,,,,,,,,,,,,,,,,normal,4,26
,0,1,2,3,4,5,6,7,8,9,10,11,12,13,14,15,16,17
0:05:05,,,,,,,,,,,,,,,,normal,4,26
,0,1,2,3,4,5,6,7,8,9,10,11,12,13,14,15,16,17
0:05:06,,,,,,,,,,,,,,,,normal,4,26
,0,1,2,3,4,5,6,7,8,9,10,11,12,13,14,15,16,17
0:05:07,,,,,,,,,,,,,,,,normal,4,26
,0,1,2,3,4,5,6,7,8,9,10,11,12,13,14,15,16,17
0:05:08,,,,,,,,,,,,,,,,normal,4,26
,0,1,2,3,4,5,6,7,8,9,10,11,12,13,14,15,16,17
0:05:09,,,,,,,,,,,,,,,,normal,4,26
,0,1,2,3,4,5,6,7,8,9,10,11,12,13,14,15,16,17
0:05:10,,,,,,,,,,,,,,,,normal,4,26
,0,1,2,3,4,5,6,7,8,9,10,11,12,13,14,15,16,17
0:05:11,,,,,,,,,,,,,,,,normal,4,26
,0,1,2,3,4,5,6,7,8,9,10,11,12,13,14,15,16,17
0:05:12,,,,,,,,,,,,,,,,normal,4,26
,0,1,2,3,4,5,6,7,8,9,10,11,12,13,14,15,16,17
0:05:13,,,,,,,,,,,,,,,,normal,4,26
,0,1,2,3,4,5,6,7,8,9,10,11,12,13,14,15,16,17
0:05:14,,,,,,,,,,,,,,,,normal,4,26
,0,1,2,3,4,5,6,7,8,9,10,11,12,13,14,15,16,17
0:05:15,,,,,,,,,,,,,,,,normal,4,26
,0,1,2,3,4,5,6,7,8,9,10,11,12,13,14,15,16,17
0:05:16,,,,,,,,,,,,,,,,normal,4,26
,0,1,2,3,4,5,6,7,8,9,10,11,12,13,14,15,16,17
0:05:17,,,,,,,,,,,,,,,,normal,4,26
,0,1,2,3,4,5,6,7,8,9,10,11,12,13,14,15,16,17
0:05:18,,,,,,,,,,,,,,,,normal,4,26
,0,1,2,3,4,5,6,7,8,9,10,11,12,13,14,15,16,17
0:05:19,,,,,,,,,,,,,,,,normal,4,26
,0,1,2,3,4,5,6,7,8,9,10,11,12,13,14,15,16,17
0:05:20,,,,,,,,,,,,,,,,normal,4,26
,0,1,2,3,4,5,6,7,8,9,10,11,12,13,14,15,16,17
0:05:21,,,,,,,,,,,,,,,,normal,4,26
,0,1,2,3,4,5,6,7,8,9,10,11,12,13,14,15,16,17
0:05:22,,,,,,,,,,,,,,,,normal,4,26
,0,1,2,3,4,5,6,7,8,9,10,11,12,13,14,15,16,17
0:05:23,,,,,,,,,,,,,,,,normal,4,26
,0,1,2,3,4,5,6,7,8,9,10,11,12,13,14,15,16,17
0:05:24,,,,,,,,,,,,,,,,normal,4,26
,0,1,2,3,4,5,6,7,8,9,10,11,12,13,14,15,16,17
0:05:25,,,,,,,,,,,,,,,,normal,4,26
,0,1,2,3,4,5,6,7,8,9,10,11,12,13,14,15,16,17
0:05:26,,,,,,,,,,,,,,,,normal,4,26
,0,1,2,3,4,5,6,7,8,9,10,11,12,13,14,15,16,17
0:05:27,,,,,,,,,,,,,,,,normal,4,26
,0,1,2,3,4,5,6,7,8,9,10,11,12,13,14,15,16,17
0:05:28,,,,,,,,,,,,,,,,normal,4,26
,0,1,2,3,4,5,6,7,8,9,10,11,12,13,14,15,16,17
0:05:29,,,,,,,,,,,,,,,,normal,4,26
,0,1,2,3,4,5,6,7,8,9,10,11,12,13,14,15,16,17
0:05:30,,,,,,,,,,,,,,,,normal,4,26
,0,1,2,3,4,5,6,7,8,9,10,11,12,13,14,15,16,17
0:05:31,,,,,,,,,,,,,,,,normal,4,26
,0,1,2,3,4,5,6,7,8,9,10,11,12,13,14,15,16,17
0:05:32,,,,,,,,,,,,,,,,normal,4,26
,0,1,2,3,4,5,6,7,8,9,10,11,12,13,14,15,16,17
0:05:33,,,,,,,,,,,,,,,,normal,4,26
,0,1,2,3,4,5,6,7,8,9,10,11,12,13,14,15,16,17
0:05:34,,,,,,,,,,,,,,,,normal,4,26
,0,1,2,3,4,5,6,7,8,9,10,11,12,13,14,15,16,17
0:05:35,,,,,,,,,,,,,,,,normal,4,26
,0,1,2,3,4,5,6,7,8,9,10,11,12,13,14,15,16,17
0:05:36,,,,,,,,,,,,,,,,normal,4,26
,0,1,2,3,4,5,6,7,8,9,10,11,12,13,14,15,16,17
0:05:37,,,,,,,,,,,,,,,,normal,4,26
,0,1,2,3,4,5,6,7,8,9,10,11,12,13,14,15,16,17
0:05:38,,,,,,,,,,,,,,,,normal,4,26
,0,1,2,3,4,5,6,7,8,9,10,11,12,13,14,15,16,17
0:05:39,,,,,,,,,,,,,,,,normal,4,26
,0,1,2,3,4,5,6,7,8,9,10,11,12,13,14,15,16,17
0:05:40,,,,,,,,,,,,,,,,normal,4,26
,0,1,2,3,4,5,6,7,8,9,10,11,12,13,14,15,16,17
0:05:41,,,,,,,,,,,,,,,,normal,4,26
,0,1,2,3,4,5,6,7,8,9,10,11,12,13,14,15,16,17
0:05:42,,,,,,,,,,,,,,,,normal,4,26
,0,1,2,3,4,5,6,7,8,9,10,11,12,13,14,15,16,17
0:05:43,,,,,,,,,,,,,,,,normal,4,26
,0,1,2,3,4,5,6,7,8,9,10,11,12,13,14,15,16,17
0:05:44,,,,,,,,,,,,,,,,normal,4,26
,0,1,2,3,4,5,6,7,8,9,10,11,12,13,14,15,16,17
0:05:45,,,,,,,,,,,,,,,,normal,4,26
,0,1,2,3,4,5,6,7,8,9,10,11,12,13,14,15,16,17
0:05:46,,,,,,,,,,,,,,,,normal,4,26
,0,1,2,3,4,5,6,7,8,9,10,11,12,13,14,15,16,17
0:05:47,,,,,,,,,,,,,,,,normal,4,26
,0,1,2,3,4,5,6,7,8,9,10,11,12,13,14,15,16,17
0:05:48,,,,,,,,,,,,,,,,normal,4,26
,0,1,2,3,4,5,6,7,8,9,10,11,12,13,14,15,16,17
0:05:49,,,,,,,,,,,,,,,,normal,4,26
,0,1,2,3,4,5,6,7,8,9,10,11,12,13,14,15,16,17
0:05:50,,,,,,,,,,,,,,,,normal,4,26
,0,1,2,3,4,5,6,7,8,9,10,11,12,13,14,15,16,17
0:05:51,,,,,,,,,,,,,,,,normal,4,26
,0,1,2,3,4,5,6,7,8,9,10,11,12,13,14,15,16,17
0:05:52,,,,,,,,,,,,,,,,normal,4,26
,0,1,2,3,4,5,6,7,8,9,10,11,12,13,14,15,16,17
0:05:53,,,,,,,,,,,,,,,,normal,4,26
,0,1,2,3,4,5,6,7,8,9,10,11,12,13,14,15,16,17
0:05:54,,,,,,,,,,,,,,,,normal,4,26
,0,1,2,3,4,5,6,7,8,9,10,11,12,13,14,15,16,17
0:05:55,,,,,,,,,,,,,,,,normal,4,26
,0,1,2,3,4,5,6,7,8,9,10,11,12,13,14,15,16,17
0:05:56,,,,,,,,,,,,,,,,normal,4,26
,0,1,2,3,4,5,6,7,8,9,10,11,12,13,14,15,16,17
0:05:57,,,,,,,,,,,,,,,,normal,4,26
,0,1,2,3,4,5,6,7,8,9,10,11,12,13,14,15,16,17
0:05:58,,,,,,,,,,,,,,,,normal,4,26
,0,1,2,3,4,5,6,7,8,9,10,11,12,13,14,15,16,17
0:05:59,,,,,,,,,,,,,,,,normal,4,26
,0,1,2,3,4,5,6,7,8,9,10,11,12,13,14,15,16,17
0:06:00,,,,,,,,,,,,,,,,normal,4,26
,0,1,2,3,4,5,6,7,8,9,10,11,12,13,14,15,16,17
0:06:01,,,,,,,,,,,,,,,,normal,4,26
,0,1,2,3,4,5,6,7,8,9,10,11,12,13,14,15,16,17
0:06:02,,,,,,,,,,,,,,,,normal,4,26
,0,1,2,3,4,5,6,7,8,9,10,11,12,13,14,15,16,17
0:06:03,,,,,,,,,,,,,,,,normal,4,26
,0,1,2,3,4,5,6,7,8,9,10,11,12,13,14,15,16,17
0:06:04,,,,,,,,,,,,,,,,normal,4,26
,0,1,2,3,4,5,6,7,8,9,10,11,12,13,14,15,16,17
0:06:05,,,,,,,,,,,,,,,,normal,4,26
,0,1,2,3,4,5,6,7,8,9,10,11,12,13,14,15,16,17
0:06:06,,,,,,,,,,,,,,,,normal,4,26
,0,1,2,3,4,5,6,7,8,9,10,11,12,13,14,15,16,17
0:06:07,,,,,,,,,,,,,,,,normal,4,26
,0,1,2,3,4,5,6,7,8,9,10,11,12,13,14,15,16,17
0:06:08,,,,,,,,,,,,,,,,normal,4,26
,0,1,2,3,4,5,6,7,8,9,10,11,12,13,14,15,16,17
0:06:09,,,,,,,,,,,,,,,,normal,4,26
,0,1,2,3,4,5,6,7,8,9,10,11,12,13,14,15,16,17
0:06:10,,,,,,,,,,,,,,,,normal,4,26
,0,1,2,3,4,5,6,7,8,9,10,11,12,13,14,15,16,17
0:06:11,,,,,,,,,,,,,,,,normal,4,26
,0,1,2,3,4,5,6,7,8,9,10,11,12,13,14,15,16,17
0:06:12,,,,,,,,,,,,,,,,normal,4,26
,0,1,2,3,4,5,6,7,8,9,10,11,12,13,14,15,16,17
0:06:13,,,,,,,,,,,,,,,,normal,4,26
,0,1,2,3,4,5,6,7,8,9,10,11,12,13,14,15,16,17
0:06:14,,,,,,,,,,,,,,,,normal,4,26
,0,1,2,3,4,5,6,7,8,9,10,11,12,13,14,15,16,17
0:06:15,,,,,,,,,,,,,,,,normal,4,26
,0,1,2,3,4,5,6,7,8,9,10,11,12,13,14,15,16,17
0:06:16,,,,,,,,,,,,,,,,normal,4,26
,0,1,2,3,4,5,6,7,8,9,10,11,12,13,14,15,16,17
0:06:17,,,,,,,,,,,,,,,,normal,4,26
,0,1,2,3,4,5,6,7,8,9,10,11,12,13,14,15,16,17
0:06:18,,,,,,,,,,,,,,,,normal,4,26
,0,1,2,3,4,5,6,7,8,9,10,11,12,13,14,15,16,17
0:06:19,,,,,,,,,,,,,,,,normal,4,26
,0,1,2,3,4,5,6,7,8,9,10,11,12,13,14,15,16,17
0:06:20,,,,,,,,,,,,,,,,normal,4,26
,0,1,2,3,4,5,6,7,8,9,10,11,12,13,14,15,16,17
0:06:21,,,,,,,,,,,,,,,,normal,4,26
,0,1,2,3,4,5,6,7,8,9,10,11,12,13,14,15,16,17
0:06:22,,,,,,,,,,,,,,,,normal,4,26
,0,1,2,3,4,5,6,7,8,9,10,11,12,13,14,15,16,17
0:06:23,,,,,,,,,,,,,,,,normal,4,26
,0,1,2,3,4,5,6,7,8,9,10,11,12,13,14,15,16,17
0:06:24,,,,,,,,,,,,,,,,normal,4,26
,0,1,2,3,4,5,6,7,8,9,10,11,12,13,14,15,16,17
0:06:25,,,,,,,,,,,,,,,,normal,4,26
,0,1,2,3,4,5,6,7,8,9,10,11,12,13,14,15,16,17
0:06:26,,,,,,,,,,,,,,,,normal,4,26
,0,1,2,3,4,5,6,7,8,9,10,11,12,13,14,15,16,17
0:06:27,,,,,,,,,,,,,,,,normal,4,26
,0,1,2,3,4,5,6,7,8,9,10,11,12,13,14,15,16,17
0:06:28,,,,,,,,,,,,,,,,normal,4,26
,0,1,2,3,4,5,6,7,8,9,10,11,12,13,14,15,16,17
0:06:29,,,,,,,,,,,,,,,,normal,4,26
,0,1,2,3,4,5,6,7,8,9,10,11,12,13,14,15,16,17
0:06:30,,,,,,,,,,,,,,,,normal,4,26
,0,1,2,3,4,5,6,7,8,9,10,11,12,13,14,15,16,17
0:06:31,,,,,,,,,,,,,,,,normal,4,26
,0,1,2,3,4,5,6,7,8,9,10,11,12,13,14,15,16,17
0:06:32,,,,,,,,,,,,,,,,normal,4,26
,0,1,2,3,4,5,6,7,8,9,10,11,12,13,14,15,16,17
0:06:33,,,,,,,,,,,,,,,,normal,4,26
,0,1,2,3,4,5,6,7,8,9,10,11,12,13,14,15,16,17
0:06:34,,,,,,,,,,,,,,,,normal,4,26
,0,1,2,3,4,5,6,7,8,9,10,11,12,13,14,15,16,17
0:06:35,,,,,,,,,,,,,,,,normal,4,26
,0,1,2,3,4,5,6,7,8,9,10,11,12,13,14,15,16,17
0:06:36,,,,,,,,,,,,,,,,normal,4,26
,0,1,2,3,4,5,6,7,8,9,10,11,12,13,14,15,16,17
0:06:37,,,,,,,,,,,,,,,,normal,4,26
,0,1,2,3,4,5,6,7,8,9,10,11,12,13,14,15,16,17
0:06:38,,,,,,,,,,,,,,,,normal,4,26
,0,1,2,3,4,5,6,7,8,9,10,11,12,13,14,15,16,17
0:06:39,,,,,,,,,,,,,,,,normal,4,26
,0,1,2,3,4,5,6,7,8,9,10,11,12,13,14,15,16,17
0:06:40,,,,,,,,,,,,,,,,normal,4,26
,0,1,2,3,4,5,6,7,8,9,10,11,12,13,14,15,16,17
0:06:41,,,,,,,,,,,,,,,,normal,4,26
,0,1,2,3,4,5,6,7,8,9,10,11,12,13,14,15,16,17
0:06:42,,,,,,,,,,,,,,,,normal,4,26
,0,1,2,3,4,5,6,7,8,9,10,11,12,13,14,15,16,17
0:06:43,,,,,,,,,,,,,,,,normal,4,26
,0,1,2,3,4,5,6,7,8,9,10,11,12,13,14,15,16,17
0:06:44,,,,,,,,,,,,,,,,normal,4,26
,0,1,2,3,4,5,6,7,8,9,10,11,12,13,14,15,16,17
0:06:45,,,,,,,,,,,,,,,,normal,4,26
,0,1,2,3,4,5,6,7,8,9,10,11,12,13,14,15,16,17
0:06:46,,,,,,,,,,,,,,,,normal,4,26
,0,1,2,3,4,5,6,7,8,9,10,11,12,13,14,15,16,17
0:06:47,,,,,,,,,,,,,,,,normal,4,26
,0,1,2,3,4,5,6,7,8,9,10,11,12,13,14,15,16,17
0:06:48,,,,,,,,,,,,,,,,normal,4,26
,0,1,2,3,4,5,6,7,8,9,10,11,12,13,14,15,16,17
0:06:49,,,,,,,,,,,,,,,,normal,4,26
,0,1,2,3,4,5,6,7,8,9,10,11,12,13,14,15,16,17
0:06:50,,,,,,,,,,,,,,,,normal,4,26
,0,1,2,3,4,5,6,7,8,9,10,11,12,13,14,15,16,17
0:06:51,,,,,,,,,,,,,,,,normal,4,26
,0,1,2,3,4,5,6,7,8,9,10,11,12,13,14,15,16,17
0:06:52,,,,,,,,,,,,,,,,normal,4,26
,0,1,2,3,4,5,6,7,8,9,10,11,12,13,14,15,16,17
0:06:53,,,,,,,,,,,,,,,,normal,4,26
,0,1,2,3,4,5,6,7,8,9,10,11,12,13,14,15,16,17
0:06:54,,,,,,,,,,,,,,,,normal,4,26
,0,1,2,3,4,5,6,7,8,9,10,11,12,13,14,15,16,17
0:06:55,,,,,,,,,,,,,,,,normal,4,26
,0,1,2,3,4,5,6,7,8,9,10,11,12,13,14,15,16,17
0:06:56,,,,,,,,,,,,,,,,normal,4,26
,0,1,2,3,4,5,6,7,8,9,10,11,12,13,14,15,16,17
0:06:57,,,,,,,,,,,,,,,,normal,4,26
,0,1,2,3,4,5,6,7,8,9,10,11,12,13,14,15,16,17
0:06:58,,,,,,,,,,,,,,,,normal,4,26
,0,1,2,3,4,5,6,7,8,9,10,11,12,13,14,15,16,17
0:06:59,,,,,,,,,,,,,,,,normal,4,26
,0,1,2,3,4,5,6,7,8,9,10,11,12,13,14,15,16,17
0:07:00,,,,,,,,,,,,,,,,normal,4,26
,0,1,2,3,4,5,6,7,8,9,10,11,12,13,14,15,16,17
0:07:01,,,,,,,,,,,,,,,,normal,4,26
,0,1,2,3,4,5,6,7,8,9,10,11,12,13,14,15,16,17
0:07:02,,,,,,,,,,,,,,,,normal,4,26
,0,1,2,3,4,5,6,7,8,9,10,11,12,13,14,15,16,17
0:07:03,,,,,,,,,,,,,,,,normal,4,26
,0,1,2,3,4,5,6,7,8,9,10,11,12,13,14,15,16,17
0:07:04,,,,,,,,,,,,,,,,normal,4,26
,0,1,2,3,4,5,6,7,8,9,10,11,12,13,14,15,16,17
0:07:05,,,,,,,,,,,,,,,,normal,4,26
,0,1,2,3,4,5,6,7,8,9,10,11,12,13,14,15,16,17
0:07:06,,,,,,,,,,,,,,,,normal,4,26
,0,1,2,3,4,5,6,7,8,9,10,11,12,13,14,15,16,17
0:07:07,,,,,,,,,,,,,,,,normal,4,26
,0,1,2,3,4,5,6,7,8,9,10,11,12,13,14,15,16,17
0:07:08,,,,,,,,,,,,,,,,normal,4,26
,0,1,2,3,4,5,6,7,8,9,10,11,12,13,14,15,16,17
0:07:09,,,,,,,,,,,,,,,,normal,4,26
,0,1,2,3,4,5,6,7,8,9,10,11,12,13,14,15,16,17
0:07:10,,,,,,,,,,,,,,,,normal,4,26
,0,1,2,3,4,5,6,7,8,9,10,11,12,13,14,15,16,17
0:07:11,,,,,,,,,,,,,,,,normal,4,26
,0,1,2,3,4,5,6,7,8,9,10,11,12,13,14,15,16,17
0:07:12,,,,,,,,,,,,,,,,normal,4,26
,0,1,2,3,4,5,6,7,8,9,10,11,12,13,14,15,16,17
0:07:13,,,,,,,,,,,,,,,,normal,4,26
,0,1,2,3,4,5,6,7,8,9,10,11,12,13,14,15,16,17
0:07:14,,,,,,,,,,,,,,,,normal,4,26
,0,1,2,3,4,5,6,7,8,9,10,11,12,13,14,15,16,17
0:07:15,,,,,,,,,,,,,,,,normal,4,26
,0,1,2,3,4,5,6,7,8,9,10,11,12,13,14,15,16,17
0:07:16,,,,,,,,,,,,,,,,normal,4,26
,0,1,2,3,4,5,6,7,8,9,10,11,12,13,14,15,16,17
0:07:17,,,,,,,,,,,,,,,,normal,4,26
,0,1,2,3,4,5,6,7,8,9,10,11,12,13,14,15,16,17
0:07:18,,,,,,,,,,,,,,,,normal,4,26
,0,1,2,3,4,5,6,7,8,9,10,11,12,13,14,15,16,17
0:07:19,,,,,,,,,,,,,,,,normal,4,26
,0,1,2,3,4,5,6,7,8,9,10,11,12,13,14,15,16,17
0:07:20,,,,,,,,,,,,,,,,normal,4,26
,0,1,2,3,4,5,6,7,8,9,10,11,12,13,14,15,16,17
0:07:21,,,,,,,,,,,,,,,,normal,4,26
,0,1,2,3,4,5,6,7,8,9,10,11,12,13,14,15,16,17
0:07:22,,,,,,,,,,,,,,,,normal,4,26
,0,1,2,3,4,5,6,7,8,9,10,11,12,13,14,15,16,17
0:07:23,,,,,,,,,,,,,,,,normal,4,26
,0,1,2,3,4,5,6,7,8,9,10,11,12,13,14,15,16,17
0:07:24,,,,,,,,,,,,,,,,normal,4,26
,0,1,2,3,4,5,6,7,8,9,10,11,12,13,14,15,16,17
0:07:25,,,,,,,,,,,,,,,,normal,4,26
,0,1,2,3,4,5,6,7,8,9,10,11,12,13,14,15,16,17
0:07:26,,,,,,,,,,,,,,,,normal,4,26
,0,1,2,3,4,5,6,7,8,9,10,11,12,13,14,15,16,17
0:07:27,,,,,,,,,,,,,,,,normal,4,26
,0,1,2,3,4,5,6,7,8,9,10,11,12,13,14,15,16,17
0:07:28,,,,,,,,,,,,,,,,normal,4,26
,0,1,2,3,4,5,6,7,8,9,10,11,12,13,14,15,16,17
0:07:29,,,,,,,,,,,,,,,,normal,4,26
,0,1,2,3,4,5,6,7,8,9,10,11,12,13,14,15,16,17
0:07:30,,,,,,,,,,,,,,,,normal,4,26
,0,1,2,3,4,5,6,7,8,9,10,11,12,13,14,15,16,17
0:07:31,,,,,,,,,,,,,,,,normal,4,26
,0,1,2,3,4,5,6,7,8,9,10,11,12,13,14,15,16,17
0:07:32,,,,,,,,,,,,,,,,normal,4,26
,0,1,2,3,4,5,6,7,8,9,10,11,12,13,14,15,16,17
0:07:33,,,,,,,,,,,,,,,,normal,4,26
,0,1,2,3,4,5,6,7,8,9,10,11,12,13,14,15,16,17
0:07:34,,,,,,,,,,,,,,,,normal,4,26
,0,1,2,3,4,5,6,7,8,9,10,11,12,13,14,15,16,17
0:07:35,,,,,,,,,,,,,,,,normal,4,26
,0,1,2,3,4,5,6,7,8,9,10,11,12,13,14,15,16,17
0:07:36,,,,,,,,,,,,,,,,normal,4,26
,0,1,2,3,4,5,6,7,8,9,10,11,12,13,14,15,16,17
0:07:37,,,,,,,,,,,,,,,,normal,4,26
,0,1,2,3,4,5,6,7,8,9,10,11,12,13,14,15,16,17
0:07:38,,,,,,,,,,,,,,,,normal,4,26
,0,1,2,3,4,5,6,7,8,9,10,11,12,13,14,15,16,17
0:07:39,,,,,,,,,,,,,,,,normal,4,26
,0,1,2,3,4,5,6,7,8,9,10,11,12,13,14,15,16,17
0:07:40,,,,,,,,,,,,,,,,normal,4,26
,0,1,2,3,4,5,6,7,8,9,10,11,12,13,14,15,16,17
0:07:41,,,,,,,,,,,,,,,,normal,4,26
,0,1,2,3,4,5,6,7,8,9,10,11,12,13,14,15,16,17
0:07:42,,,,,,,,,,,,,,,,normal,4,26
,0,1,2,3,4,5,6,7,8,9,10,11,12,13,14,15,16,17
0:07:43,,,,,,,,,,,,,,,,normal,4,26
,0,1,2,3,4,5,6,7,8,9,10,11,12,13,14,15,16,17
0:07:44,,,,,,,,,,,,,,,,normal,4,26
,0,1,2,3,4,5,6,7,8,9,10,11,12,13,14,15,16,17
0:07:45,,,,,,,,,,,,,,,,normal,4,26
,0,1,2,3,4,5,6,7,8,9,10,11,12,13,14,15,16,17
0:07:46,,,,,,,,,,,,,,,,normal,4,26
,0,1,2,3,4,5,6,7,8,9,10,11,12,13,14,15,16,17
0:07:47,,,,,,,,,,,,,,,,normal,4,26
,0,1,2,3,4,5,6,7,8,9,10,11,12,13,14,15,16,17
0:07:48,,,,,,,,,,,,,,,,normal,4,26
,0,1,2,3,4,5,6,7,8,9,10,11,12,13,14,15,16,17
0:07:49,,,,,,,,,,,,,,,,normal,4,26
,0,1,2,3,4,5,6,7,8,9,10,11,12,13,14,15,16,17
0:07:50,,,,,,,,,,,,,,,,normal,4,26
,0,1,2,3,4,5,6,7,8,9,10,11,12,13,14,15,16,17
0:07:51,,,,,,,,,,,,,,,,normal,4,26
,0,1,2,3,4,5,6,7,8,9,10,11,12,13,14,15,16,17
0:07:52,,,,,,,,,,,,,,,,normal,4,26
,0,1,2,3,4,5,6,7,8,9,10,11,12,13,14,15,16,17
0:07:53,,,,,,,,,,,,,,,,normal,4,26
,0,1,2,3,4,5,6,7,8,9,10,11,12,13,14,15,16,17
0:07:54,,,,,,,,,,,,,,,,normal,4,26
,0,1,2,3,4,5,6,7,8,9,10,11,12,13,14,15,16,17
0:07:55,,,,,,,,,,,,,,,,normal,4,26
,0,1,2,3,4,5,6,7,8,9,10,11,12,13,14,15,16,17
0:07:56,,,,,,,,,,,,,,,,normal,4,26
,0,1,2,3,4,5,6,7,8,9,10,11,12,13,14,15,16,17
0:07:57,,,,,,,,,,,,,,,,normal,4,26
,0,1,2,3,4,5,6,7,8,9,10,11,12,13,14,15,16,17
0:07:58,,,,,,,,,,,,,,,,normal,4,26
,0,1,2,3,4,5,6,7,8,9,10,11,12,13,14,15,16,17
0:07:59,,,,,,,,,,,,,,,,normal,4,26
,0,1,2,3,4,5,6,7,8,9,10,11,12,13,14,15,16,17
0:08:00,,,,,,,,,,,,,,,,normal,4,26
,0,1,2,3,4,5,6,7,8,9,10,11,12,13,14,15,16,17
0:08:01,,,,,,,,,,,,,,,,normal,4,26
,0,1,2,3,4,5,6,7,8,9,10,11,12,13,14,15,16,17
0:08:02,,,,,,,,,,,,,,,,normal,4,26
,0,1,2,3,4,5,6,7,8,9,10,11,12,13,14,15,16,17
0:08:03,,,,,,,,,,,,,,,,normal,4,26
,0,1,2,3,4,5,6,7,8,9,10,11,12,13,14,15,16,17
0:08:04,,,,,,,,,,,,,,,,normal,4,26
,0,1,2,3,4,5,6,7,8,9,10,11,12,13,14,15,16,17
0:08:05,,,,,,,,,,,,,,,,normal,4,26
,0,1,2,3,4,5,6,7,8,9,10,11,12,13,14,15,16,17
0:08:06,,,,,,,,,,,,,,,,normal,4,26
,0,1,2,3,4,5,6,7,8,9,10,11,12,13,14,15,16,17
0:08:07,,,,,,,,,,,,,,,,normal,4,26
,0,1,2,3,4,5,6,7,8,9,10,11,12,13,14,15,16,17
0:08:08,,,,,,,,,,,,,,,,normal,4,26
,0,1,2,3,4,5,6,7,8,9,10,11,12,13,14,15,16,17
0:08:09,,,,,,,,,,,,,,,,normal,4,26
,0,1,2,3,4,5,6,7,8,9,10,11,12,13,14,15,16,17
0:08:10,,,,,,,,,,,,,,,,normal,4,26
,0,1,2,3,4,5,6,7,8,9,10,11,12,13,14,15,16,17
0:08:11,,,,,,,,,,,,,,,,normal,4,26
,0,1,2,3,4,5,6,7,8,9,10,11,12,13,14,15,16,17
0:08:12,,,,,,,,,,,,,,,,normal,4,26
,0,1,2,3,4,5,6,7,8,9,10,11,12,13,14,15,16,17
0:08:13,,,,,,,,,,,,,,,,normal,4,26
,0,1,2,3,4,5,6,7,8,9,10,11,12,13,14,15,16,17
0:08:14,,,,,,,,,,,,,,,,normal,4,26
,0,1,2,3,4,5,6,7,8,9,10,11,12,13,14,15,16,17
0:08:15,,,,,,,,,,,,,,,,normal,4,26
,0,1,2,3,4,5,6,7,8,9,10,11,12,13,14,15,16,17
0:08:16,,,,,,,,,,,,,,,,normal,4,26
,0,1,2,3,4,5,6,7,8,9,10,11,12,13,14,15,16,17
0:08:17,,,,,,,,,,,,,,,,normal,4,26
,0,1,2,3,4,5,6,7,8,9,10,11,12,13,14,15,16,17
0:08:18,,,,,,,,,,,,,,,,normal,4,26
,0,1,2,3,4,5,6,7,8,9,10,11,12,13,14,15,16,17
0:08:19,,,,,,,,,,,,,,,,normal,4,26
,0,1,2,3,4,5,6,7,8,9,10,11,12,13,14,15,16,17
0:08:20,,,,,,,,,,,,,,,,normal,4,26
,0,1,2,3,4,5,6,7,8,9,10,11,12,13,14,15,16,17
0:08:21,,,,,,,,,,,,,,,,normal,4,26
,0,1,2,3,4,5,6,7,8,9,10,11,12,13,14,15,16,17
0:08:22,,,,,,,,,,,,,,,,normal,4,26
,0,1,2,3,4,5,6,7,8,9,10,11,12,13,14,15,16,17
0:08:23,,,,,,,,,,,,,,,,normal,4,26
,0,1,2,3,4,5,6,7,8,9,10,11,12,13,14,15,16,17
0:08:24,,,,,,,,,,,,,,,,normal,4,26
,0,1,2,3,4,5,6,7,8,9,10,11,12,13,14,15,16,17
0:08:25,,,,,,,,,,,,,,,,normal,4,26
,0,1,2,3,4,5,6,7,8,9,10,11,12,13,14,15,16,17
0:08:26,,,,,,,,,,,,,,,,normal,4,26
,0,1,2,3,4,5,6,7,8,9,10,11,12,13,14,15,16,17
0:08:27,,,,,,,,,,,,,,,,normal,4,26
,0,1,2,3,4,5,6,7,8,9,10,11,12,13,14,15,16,17
0:08:28,,,,,,,,,,,,,,,,normal,4,26
,0,1,2,3,4,5,6,7,8,9,10,11,12,13,14,15,16,17
0:08:29,,,,,,,,,,,,,,,,normal,4,26
,0,1,2,3,4,5,6,7,8,9,10,11,12,13,14,15,16,17
0:08:30,,,,,,,,,,,,,,,,normal,4,26
,0,1,2,3,4,5,6,7,8,9,10,11,12,13,14,15,16,17
0:08:31,,,,,,,,,,,,,,,,normal,4,26
,0,1,2,3,4,5,6,7,8,9,10,11,12,13,14,15,16,17
0:08:32,,,,,,,,,,,,,,,,normal,4,26
,0,1,2,3,4,5,6,7,8,9,10,11,12,13,14,15,16,17
0:08:33,,,,,,,,,,,,,,,,normal,4,26
,0,1,2,3,4,5,6,7,8,9,10,11,12,13,14,15,16,17
0:08:34,,,,,,,,,,,,,,,,normal,4,26
,0,1,2,3,4,5,6,7,8,9,10,11,12,13,14,15,16,17
0:08:35,,,,,,,,,,,,,,,,normal,4,26
,0,1,2,3,4,5,6,7,8,9,10,11,12,13,14,15,16,17
0:08:36,,,,,,,,,,,,,,,,normal,4,26
,0,1,2,3,4,5,6,7,8,9,10,11,12,13,14,15,16,17
0:08:37,,,,,,,,,,,,,,,,normal,4,26
,0,1,2,3,4,5,6,7,8,9,10,11,12,13,14,15,16,17
0:08:38,,,,,,,,,,,,,,,,normal,4,26
,0,1,2,3,4,5,6,7,8,9,10,11,12,13,14,15,16,17
0:08:39,,,,,,,,,,,,,,,,normal,4,26
,0,1,2,3,4,5,6,7,8,9,10,11,12,13,14,15,16,17
0:08:40,,,,,,,,,,,,,,,,normal,4,26
,0,1,2,3,4,5,6,7,8,9,10,11,12,13,14,15,16,17
0:08:41,,,,,,,,,,,,,,,,normal,4,26
,0,1,2,3,4,5,6,7,8,9,10,11,12,13,14,15,16,17
0:08:42,,,,,,,,,,,,,,,,normal,4,26
,0,1,2,3,4,5,6,7,8,9,10,11,12,13,14,15,16,17
0:08:43,,,,,,,,,,,,,,,,normal,4,26
,0,1,2,3,4,5,6,7,8,9,10,11,12,13,14,15,16,17
0:08:44,,,,,,,,,,,,,,,,normal,4,26
,0,1,2,3,4,5,6,7,8,9,10,11,12,13,14,15,16,17
0:08:45,,,,,,,,,,,,,,,,normal,4,26
,0,1,2,3,4,5,6,7,8,9,10,11,12,13,14,15,16,17
0:08:46,,,,,,,,,,,,,,,,normal,4,26
,0,1,2,3,4,5,6,7,8,9,10,11,12,13,14,15,16,17
0:08:47,,,,,,,,,,,,,,,,normal,4,26
,0,1,2,3,4,5,6,7,8,9,10,11,12,13,14,15,16,17
0:08:48,,,,,,,,,,,,,,,,normal,4,26
,0,1,2,3,4,5,6,7,8,9,10,11,12,13,14,15,16,17
0:08:49,,,,,,,,,,,,,,,,normal,4,26
,0,1,2,3,4,5,6,7,8,9,10,11,12,13,14,15,16,17
0:08:50,,,,,,,,,,,,,,,,normal,4,26
,0,1,2,3,4,5,6,7,8,9,10,11,12,13,14,15,16,17
0:08:51,,,,,,,,,,,,,,,,normal,4,26
,0,1,2,3,4,5,6,7,8,9,10,11,12,13,14,15,16,17
0:08:52,,,,,,,,,,,,,,,,normal,4,26
,0,1,2,3,4,5,6,7,8,9,10,11,12,13,14,15,16,17
0:08:53,,,,,,,,,,,,,,,,normal,4,26
,0,1,2,3,4,5,6,7,8,9,10,11,12,13,14,15,16,17
0:08:54,,,,,,,,,,,,,,,,normal,4,26
,0,1,2,3,4,5,6,7,8,9,10,11,12,13,14,15,16,17
0:08:55,,,,,,,,,,,,,,,,normal,4,26
,0,1,2,3,4,5,6,7,8,9,10,11,12,13,14,15,16,17
0:08:56,,,,,,,,,,,,,,,,normal,4,26
,0,1,2,3,4,5,6,7,8,9,10,11,12,13,14,15,16,17
0:08:57,,,,,,,,,,,,,,,,normal,4,26
,0,1,2,3,4,5,6,7,8,9,10,11,12,13,14,15,16,17
0:08:58,,,,,,,,,,,,,,,,normal,4,26
,0,1,2,3,4,5,6,7,8,9,10,11,12,13,14,15,16,17
0:08:59,,,,,,,,,,,,,,,,normal,4,26
,0,1,2,3,4,5,6,7,8,9,10,11,12,13,14,15,16,17
0:09:00,,,,,,,,,,,,,,,,normal,4,26
,0,1,2,3,4,5,6,7,8,9,10,11,12,13,14,15,16,17
0:09:01,,,,,,,,,,,,,,,,normal,4,26
,0,1,2,3,4,5,6,7,8,9,10,11,12,13,14,15,16,17
0:09:02,,,,,,,,,,,,,,,,normal,4,26
,0,1,2,3,4,5,6,7,8,9,10,11,12,13,14,15,16,17
0:09:03,,,,,,,,,,,,,,,,normal,4,26
,0,1,2,3,4,5,6,7,8,9,10,11,12,13,14,15,16,17
0:09:04,,,,,,,,,,,,,,,,normal,4,26
,0,1,2,3,4,5,6,7,8,9,10,11,12,13,14,15,16,17
0:09:05,,,,,,,,,,,,,,,,normal,4,26
,0,1,2,3,4,5,6,7,8,9,10,11,12,13,14,15,16,17
0:09:06,,,,,,,,,,,,,,,,normal,4,26
,0,1,2,3,4,5,6,7,8,9,10,11,12,13,14,15,16,17
0:09:07,,,,,,,,,,,,,,,,normal,4,26
,0,1,2,3,4,5,6,7,8,9,10,11,12,13,14,15,16,17
0:09:08,,,,,,,,,,,,,,,,normal,4,26
,0,1,2,3,4,5,6,7,8,9,10,11,12,13,14,15,16,17
0:09:09,,,,,,,,,,,,,,,,normal,4,26
,0,1,2,3,4,5,6,7,8,9,10,11,12,13,14,15,16,17
0:09:10,,,,,,,,,,,,,,,,normal,4,26
,0,1,2,3,4,5,6,7,8,9,10,11,12,13,14,15,16,17
0:09:11,,,,,,,,,,,,,,,,normal,4,26
,0,1,2,3,4,5,6,7,8,9,10,11,12,13,14,15,16,17
0:09:12,,,,,,,,,,,,,,,,normal,4,26
,0,1,2,3,4,5,6,7,8,9,10,11,12,13,14,15,16,17
0:09:13,,,,,,,,,,,,,,,,normal,4,26
,0,1,2,3,4,5,6,7,8,9,10,11,12,13,14,15,16,17
0:09:14,,,,,,,,,,,,,,,,normal,4,26
,0,1,2,3,4,5,6,7,8,9,10,11,12,13,14,15,16,17
0:09:15,,,,,,,,,,,,,,,,normal,4,26
,0,1,2,3,4,5,6,7,8,9,10,11,12,13,14,15,16,17
0:09:16,,,,,,,,,,,,,,,,normal,4,26
,0,1,2,3,4,5,6,7,8,9,10,11,12,13,14,15,16,17
0:09:17,,,,,,,,,,,,,,,,normal,4,26
,0,1,2,3,4,5,6,7,8,9,10,11,12,13,14,15,16,17
0:09:18,,,,,,,,,,,,,,,,normal,4,26
,0,1,2,3,4,5,6,7,8,9,10,11,12,13,14,15,16,17
0:09:19,,,,,,,,,,,,,,,,normal,4,26
,0,1,2,3,4,5,6,7,8,9,10,11,12,13,14,15,16,17
0:09:20,,,,,,,,,,,,,,,,normal,4,26
,0,1,2,3,4,5,6,7,8,9,10,11,12,13,14,15,16,17
0:09:21,,,,,,,,,,,,,,,,normal,4,26
,0,1,2,3,4,5,6,7,8,9,10,11,12,13,14,15,16,17
0:09:22,,,,,,,,,,,,,,,,normal,4,26
,0,1,2,3,4,5,6,7,8,9,10,11,12,13,14,15,16,17
0:09:23,,,,,,,,,,,,,,,,normal,4,26
,0,1,2,3,4,5,6,7,8,9,10,11,12,13,14,15,16,17
0:09:24,,,,,,,,,,,,,,,,normal,4,26
,0,1,2,3,4,5,6,7,8,9,10,11,12,13,14,15,16,17
0:09:25,,,,,,,,,,,,,,,,normal,4,26
,0,1,2,3,4,5,6,7,8,9,10,11,12,13,14,15,16,17
0:09:26,,,,,,,,,,,,,,,,normal,4,26
,0,1,2,3,4,5,6,7,8,9,10,11,12,13,14,15,16,17
0:09:27,,,,,,,,,,,,,,,,normal,4,26
,0,1,2,3,4,5,6,7,8,9,10,11,12,13,14,15,16,17
0:09:28,,,,,,,,,,,,,,,,normal,4,26
,0,1,2,3,4,5,6,7,8,9,10,11,12,13,14,15,16,17
0:09:29,,,,,,,,,,,,,,,,normal,4,26
,0,1,2,3,4,5,6,7,8,9,10,11,12,13,14,15,16,17
0:09:30,,,,,,,,,,,,,,,,normal,4,26
,0,1,2,3,4,5,6,7,8,9,10,11,12,13,14,15,16,17
0:09:31,,,,,,,,,,,,,,,,normal,4,26
,0,1,2,3,4,5,6,7,8,9,10,11,12,13,14,15,16,17
0:09:32,,,,,,,,,,,,,,,,normal,4,26
,0,1,2,3,4,5,6,7,8,9,10,11,12,13,14,15,16,17
0:09:33,,,,,,,,,,,,,,,,normal,4,26
,0,1,2,3,4,5,6,7,8,9,10,11,12,13,14,15,16,17
0:09:34,,,,,,,,,,,,,,,,normal,4,26
,0,1,2,3,4,5,6,7,8,9,10,11,12,13,14,15,16,17
0:09:35,,,,,,,,,,,,,,,,normal,4,26
,0,1,2,3,4,5,6,7,8,9,10,11,12,13,14,15,16,17
0:09:36,,,,,,,,,,,,,,,,normal,4,26
,0,1,2,3,4,5,6,7,8,9,10,11,12,13,14,15,16,17
0:09:37,,,,,,,,,,,,,,,,normal,4,26
,0,1,2,3,4,5,6,7,8,9,10,11,12,13,14,15,16,17
0:09:38,,,,,,,,,,,,,,,,normal,4,26
,0,1,2,3,4,5,6,7,8,9,10,11,12,13,14,15,16,17
0:09:39,,,,,,,,,,,,,,,,normal,4,26
,0,1,2,3,4,5,6,7,8,9,10,11,12,13,14,15,16,17
0:09:40,,,,,,,,,,,,,,,,normal,4,26
,0,1,2,3,4,5,6,7,8,9,10,11,12,13,14,15,16,17
0:09:41,,,,,,,,,,,,,,,,normal,4,26
,0,1,2,3,4,5,6,7,8,9,10,11,12,13,14,15,16,17
0:09:42,,,,,,,,,,,,,,,,normal,4,26
,0,1,2,3,4,5,6,7,8,9,10,11,12,13,14,15,16,17
0:09:43,,,,,,,,,,,,,,,,normal,4,26
,0,1,2,3,4,5,6,7,8,9,10,11,12,13,14,15,16,17
0:09:44,,,,,,,,,,,,,,,,normal,4,26
,0,1,2,3,4,5,6,7,8,9,10,11,12,13,14,15,16,17
0:09:45,,,,,,,,,,,,,,,,normal,4,26
,0,1,2,3,4,5,6,7,8,9,10,11,12,13,14,15,16,17
0:09:46,,,,,,,,,,,,,,,,normal,4,26
,0,1,2,3,4,5,6,7,8,9,10,11,12,13,14,15,16,17
0:09:47,,,,,,,,,,,,,,,,normal,4,26
,0,1,2,3,4,5,6,7,8,9,10,11,12,13,14,15,16,17
0:09:48,,,,,,,,,,,,,,,,normal,4,26
,0,1,2,3,4,5,6,7,8,9,10,11,12,13,14,15,16,17
0:09:49,,,,,,,,,,,,,,,,normal,4,26
,0,1,2,3,4,5,6,7,8,9,10,11,12,13,14,15,16,17
0:09:50,,,,,,,,,,,,,,,,normal,4,26
,0,1,2,3,4,5,6,7,8,9,10,11,12,13,14,15,16,17
0:09:51,,,,,,,,,,,,,,,,normal,4,26
,0,1,2,3,4,5,6,7,8,9,10,11,12,13,14,15,16,17
0:09:52,,,,,,,,,,,,,,,,normal,4,26
,0,1,2,3,4,5,6,7,8,9,10,11,12,13,14,15,16,17
0:09:53,,,,,,,,,,,,,,,,normal,4,26
,0,1,2,3,4,5,6,7,8,9,10,11,12,13,14,15,16,17
0:09:54,,,,,,,,,,,,,,,,normal,4,26
,0,1,2,3,4,5,6,7,8,9,10,11,12,13,14,15,16,17
0:09:55,,,,,,,,,,,,,,,,normal,4,26
,0,1,2,3,4,5,6,7,8,9,10,11,12,13,14,15,16,17
0:09:56,,,,,,,,,,,,,,,,normal,4,26
,0,1,2,3,4,5,6,7,8,9,10,11,12,13,14,15,16,17
0:09:57,,,,,,,,,,,,,,,,normal,4,26
,0,1,2,3,4,5,6,7,8,9,10,11,12,13,14,15,16,17
0:09:58,,,,,,,,,,,,,,,,normal,4,26
,0,1,2,3,4,5,6,7,8,9,10,11,12,13,14,15,16,17
0:09:59,,,,,,,,,,,,,,,,normal,4,26
,0,1,2,3,4,5,6,7,8,9,10,11,12,13,14,15,16,17
0:10:00,,,,,,,,,,,,,,,,normal,4,26
,0,1,2,3,4,5,6,7,8,9,10,11,12,13,14,15,16,17
0:10:01,,,,,,,,,,,,,,,,normal,4,26
,0,1,2,3,4,5,6,7,8,9,10,11,12,13,14,15,16,17
0:10:02,,,,,,,,,,,,,,,,normal,4,26
,0,1,2,3,4,5,6,7,8,9,10,11,12,13,14,15,16,17
0:10:03,,,,,,,,,,,,,,,,normal,4,26
,0,1,2,3,4,5,6,7,8,9,10,11,12,13,14,15,16,17
0:10:04,,,,,,,,,,,,,,,,normal,4,26
,0,1,2,3,4,5,6,7,8,9,10,11,12,13,14,15,16,17
0:10:05,,,,,,,,,,,,,,,,normal,4,26
,0,1,2,3,4,5,6,7,8,9,10,11,12,13,14,15,16,17
0:10:06,,,,,,,,,,,,,,,,normal,4,26
,0,1,2,3,4,5,6,7,8,9,10,11,12,13,14,15,16,17
0:10:07,,,,,,,,,,,,,,,,normal,4,26
,0,1,2,3,4,5,6,7,8,9,10,11,12,13,14,15,16,17
0:10:08,,,,,,,,,,,,,,,,normal,4,26
,0,1,2,3,4,5,6,7,8,9,10,11,12,13,14,15,16,17
0:10:09,,,,,,,,,,,,,,,,normal,4,26
,0,1,2,3,4,5,6,7,8,9,10,11,12,13,14,15,16,17
0:10:10,,,,,,,,,,,,,,,,normal,4,26
,0,1,2,3,4,5,6,7,8,9,10,11,12,13,14,15,16,17
0:10:11,,,,,,,,,,,,,,,,normal,4,26
,0,1,2,3,4,5,6,7,8,9,10,11,12,13,14,15,16,17
0:10:12,,,,,,,,,,,,,,,,normal,4,26
,0,1,2,3,4,5,6,7,8,9,10,11,12,13,14,15,16,17
0:10:13,,,,,,,,,,,,,,,,normal,4,26
,0,1,2,3,4,5,6,7,8,9,10,11,12,13,14,15,16,17
0:10:14,,,,,,,,,,,,,,,,normal,4,26
,0,1,2,3,4,5,6,7,8,9,10,11,12,13,14,15,16,17
0:10:15,,,,,,,,,,,,,,,,normal,4,26
,0,1,2,3,4,5,6,7,8,9,10,11,12,13,14,15,16,17
0:10:16,,,,,,,,,,,,,,,,normal,4,26
,0,1,2,3,4,5,6,7,8,9,10,11,12,13,14,15,16,17
0:10:17,,,,,,,,,,,,,,,,normal,4,26
,0,1,2,3,4,5,6,7,8,9,10,11,12,13,14,15,16,17
0:10:18,,,,,,,,,,,,,,,,normal,4,26
,0,1,2,3,4,5,6,7,8,9,10,11,12,13,14,15,16,17
0:10:19,,,,,,,,,,,,,,,,normal,4,26
,0,1,2,3,4,5,6,7,8,9,10,11,12,13,14,15,16,17
0:10:20,,,,,,,,,,,,,,,,normal,4,26
,0,1,2,3,4,5,6,7,8,9,10,11,12,13,14,15,16,17
0:10:21,,,,,,,,,,,,,,,,normal,4,26
,0,1,2,3,4,5,6,7,8,9,10,11,12,13,14,15,16,17
0:10:22,,,,,,,,,,,,,,,,normal,4,26
,0,1,2,3,4,5,6,7,8,9,10,11,12,13,14,15,16,17
0:10:23,,,,,,,,,,,,,,,,normal,4,26
,0,1,2,3,4,5,6,7,8,9,10,11,12,13,14,15,16,17
0:10:24,,,,,,,,,,,,,,,,normal,4,26
,0,1,2,3,4,5,6,7,8,9,10,11,12,13,14,15,16,17
0:10:25,,,,,,,,,,,,,,,,normal,4,26
,0,1,2,3,4,5,6,7,8,9,10,11,12,13,14,15,16,17
0:10:26,,,,,,,,,,,,,,,,normal,4,26
,0,1,2,3,4,5,6,7,8,9,10,11,12,13,14,15,16,17
0:10:27,,,,,,,,,,,,,,,,normal,4,26
,0,1,2,3,4,5,6,7,8,9,10,11,12,13,14,15,16,17
0:10:28,,,,,,,,,,,,,,,,normal,4,26
,0,1,2,3,4,5,6,7,8,9,10,11,12,13,14,15,16,17
0:10:29,,,,,,,,,,,,,,,,normal,4,26
,0,1,2,3,4,5,6,7,8,9,10,11,12,13,14,15,16,17
0:10:30,,,,,,,,,,,,,,,,normal,4,26
,0,1,2,3,4,5,6,7,8,9,10,11,12,13,14,15,16,17
0:10:31,,,,,,,,,,,,,,,,normal,4,26
,0,1,2,3,4,5,6,7,8,9,10,11,12,13,14,15,16,17
0:10:32,,,,,,,,,,,,,,,,normal,4,26
,0,1,2,3,4,5,6,7,8,9,10,11,12,13,14,15,16,17
0:10:33,,,,,,,,,,,,,,,,normal,4,26
,0,1,2,3,4,5,6,7,8,9,10,11,12,13,14,15,16,17
0:10:34,,,,,,,,,,,,,,,,normal,4,26
,0,1,2,3,4,5,6,7,8,9,10,11,12,13,14,15,16,17
0:10:35,,,,,,,,,,,,,,,,normal,4,26
,0,1,2,3,4,5,6,7,8,9,10,11,12,13,14,15,16,17
0:10:36,,,,,,,,,,,,,,,,normal,4,26
,0,1,2,3,4,5,6,7,8,9,10,11,12,13,14,15,16,17
0:10:37,,,,,,,,,,,,,,,,normal,4,26
,0,1,2,3,4,5,6,7,8,9,10,11,12,13,14,15,16,17
0:10:38,,,,,,,,,,,,,,,,normal,4,26
,0,1,2,3,4,5,6,7,8,9,10,11,12,13,14,15,16,17
0:10:39,,,,,,,,,,,,,,,,normal,4,26
,0,1,2,3,4,5,6,7,8,9,10,11,12,13,14,15,16,17
0:10:40,,,,,,,,,,,,,,,,normal,4,26
,0,1,2,3,4,5,6,7,8,9,10,11,12,13,14,15,16,17
0:10:41,,,,,,,,,,,,,,,,normal,4,26
,0,1,2,3,4,5,6,7,8,9,10,11,12,13,14,15,16,17
0:10:42,,,,,,,,,,,,,,,,normal,4,26
,0,1,2,3,4,5,6,7,8,9,10,11,12,13,14,15,16,17
0:10:43,,,,,,,,,,,,,,,,normal,4,26
,0,1,2,3,4,5,6,7,8,9,10,11,12,13,14,15,16,17
0:10:44,,,,,,,,,,,,,,,,normal,4,26
,0,1,2,3,4,5,6,7,8,9,10,11,12,13,14,15,16,17
0:10:45,,,,,,,,,,,,,,,,normal,4,26
,0,1,2,3,4,5,6,7,8,9,10,11,12,13,14,15,16,17
0:10:46,,,,,,,,,,,,,,,,normal,4,26
,0,1,2,3,4,5,6,7,8,9,10,11,12,13,14,15,16,17
0:10:47,,,,,,,,,,,,,,,,normal,4,26
,0,1,2,3,4,5,6,7,8,9,10,11,12,13,14,15,16,17
0:10:48,,,,,,,,,,,,,,,,normal,4,26
,0,1,2,3,4,5,6,7,8,9,10,11,12,13,14,15,16,17
0:10:49,,,,,,,,,,,,,,,,normal,4,26
,0,1,2,3,4,5,6,7,8,9,10,11,12,13,14,15,16,17
0:10:50,,,,,,,,,,,,,,,,normal,4,26
,0,1,2,3,4,5,6,7,8,9,10,11,12,13,14,15,16,17
0:10:51,,,,,,,,,,,,,,,,normal,4,26
,0,1,2,3,4,5,6,7,8,9,10,11,12,13,14,15,16,17
0:10:52,,,,,,,,,,,,,,,,normal,4,26
,0,1,2,3,4,5,6,7,8,9,10,11,12,13,14,15,16,17
0:10:53,,,,,,,,,,,,,,,,normal,4,26
,0,1,2,3,4,5,6,7,8,9,10,11,12,13,14,15,16,17
0:10:54,,,,,,,,,,,,,,,,normal,4,26
,0,1,2,3,4,5,6,7,8,9,10,11,12,13,14,15,16,17
0:10:55,,,,,,,,,,,,,,,,normal,4,26
,0,1,2,3,4,5,6,7,8,9,10,11,12,13,14,15,16,17
0:10:56,,,,,,,,,,,,,,,,normal,4,26
,0,1,2,3,4,5,6,7,8,9,10,11,12,13,14,15,16,17
0:10:57,,,,,,,,,,,,,,,,normal,4,26
,0,1,2,3,4,5,6,7,8,9,10,11,12,13,14,15,16,17
0:10:58,,,,,,,,,,,,,,,,normal,4,26
,0,1,2,3,4,5,6,7,8,9,10,11,12,13,14,15,16,17
0:10:59,,,,,,,,,,,,,,,,normal,4,26
,0,1,2,3,4,5,6,7,8,9,10,11,12,13,14,15,16,17
0:11:00,,,,,,,,,,,,,,,,normal,4,26
,0,1,2,3,4,5,6,7,8,9,10,11,12,13,14,15,16,17
0:11:01,,,,,,,,,,,,,,,,normal,4,26
,0,1,2,3,4,5,6,7,8,9,10,11,12,13,14,15,16,17
0:11:02,,,,,,,,,,,,,,,,normal,4,26
,0,1,2,3,4,5,6,7,8,9,10,11,12,13,14,15,16,17
0:11:03,,,,,,,,,,,,,,,,normal,4,26
,0,1,2,3,4,5,6,7,8,9,10,11,12,13,14,15,16,17
0:11:04,,,,,,,,,,,,,,,,normal,4,26
,0,1,2,3,4,5,6,7,8,9,10,11,12,13,14,15,16,17
0:11:05,,,,,,,,,,,,,,,,normal,4,26
,0,1,2,3,4,5,6,7,8,9,10,11,12,13,14,15,16,17
0:11:06,,,,,,,,,,,,,,,,normal,4,26
,0,1,2,3,4,5,6,7,8,9,10,11,12,13,14,15,16,17
0:11:07,,,,,,,,,,,,,,,,normal,4,26
,0,1,2,3,4,5,6,7,8,9,10,11,12,13,14,15,16,17
0:11:08,,,,,,,,,,,,,,,,normal,4,26
,0,1,2,3,4,5,6,7,8,9,10,11,12,13,14,15,16,17
0:11:09,,,,,,,,,,,,,,,,normal,4,26
,0,1,2,3,4,5,6,7,8,9,10,11,12,13,14,15,16,17
0:11:10,,,,,,,,,,,,,,,,normal,4,26
,0,1,2,3,4,5,6,7,8,9,10,11,12,13,14,15,16,17
0:11:11,,,,,,,,,,,,,,,,normal,4,26
,0,1,2,3,4,5,6,7,8,9,10,11,12,13,14,15,16,17
0:11:12,,,,,,,,,,,,,,,,normal,4,26
,0,1,2,3,4,5,6,7,8,9,10,11,12,13,14,15,16,17
0:11:13,,,,,,,,,,,,,,,,normal,4,26
,0,1,2,3,4,5,6,7,8,9,10,11,12,13,14,15,16,17
0:11:14,,,,,,,,,,,,,,,,normal,4,26
,0,1,2,3,4,5,6,7,8,9,10,11,12,13,14,15,16,17
0:11:15,,,,,,,,,,,,,,,,normal,4,26
,0,1,2,3,4,5,6,7,8,9,10,11,12,13,14,15,16,17
0:11:16,,,,,,,,,,,,,,,,normal,4,26
,0,1,2,3,4,5,6,7,8,9,10,11,12,13,14,15,16,17
0:11:17,,,,,,,,,,,,,,,,normal,4,26
,0,1,2,3,4,5,6,7,8,9,10,11,12,13,14,15,16,17
0:11:18,,,,,,,,,,,,,,,,normal,4,26
,0,1,2,3,4,5,6,7,8,9,10,11,12,13,14,15,16,17
0:11:19,,,,,,,,,,,,,,,,normal,4,26
,0,1,2,3,4,5,6,7,8,9,10,11,12,13,14,15,16,17
0:11:20,,,,,,,,,,,,,,,,normal,4,26
,0,1,2,3,4,5,6,7,8,9,10,11,12,13,14,15,16,17
0:11:21,,,,,,,,,,,,,,,,normal,4,26
,0,1,2,3,4,5,6,7,8,9,10,11,12,13,14,15,16,17
0:11:22,,,,,,,,,,,,,,,,normal,4,26
,0,1,2,3,4,5,6,7,8,9,10,11,12,13,14,15,16,17
0:11:23,,,,,,,,,,,,,,,,normal,4,26
,0,1,2,3,4,5,6,7,8,9,10,11,12,13,14,15,16,17
0:11:24,,,,,,,,,,,,,,,,normal,4,26
,0,1,2,3,4,5,6,7,8,9,10,11,12,13,14,15,16,17
0:11:25,,,,,,,,,,,,,,,,normal,4,26
,0,1,2,3,4,5,6,7,8,9,10,11,12,13,14,15,16,17
0:11:26,,,,,,,,,,,,,,,,normal,4,26
,0,1,2,3,4,5,6,7,8,9,10,11,12,13,14,15,16,17
0:11:27,,,,,,,,,,,,,,,,normal,4,26
,0,1,2,3,4,5,6,7,8,9,10,11,12,13,14,15,16,17
0:11:28,,,,,,,,,,,,,,,,normal,4,26
,0,1,2,3,4,5,6,7,8,9,10,11,12,13,14,15,16,17
0:11:29,,,,,,,,,,,,,,,,normal,4,26
,0,1,2,3,4,5,6,7,8,9,10,11,12,13,14,15,16,17
0:11:30,,,,,,,,,,,,,,,,normal,4,26
,0,1,2,3,4,5,6,7,8,9,10,11,12,13,14,15,16,17
0:11:31,,,,,,,,,,,,,,,,normal,4,26
,0,1,2,3,4,5,6,7,8,9,10,11,12,13,14,15,16,17
0:11:32,,,,,,,,,,,,,,,,normal,4,26
,0,1,2,3,4,5,6,7,8,9,10,11,12,13,14,15,16,17
0:11:33,,,,,,,,,,,,,,,,normal,4,26
,0,1,2,3,4,5,6,7,8,9,10,11,12,13,14,15,16,17
0:11:34,,,,,,,,,,,,,,,,normal,4,26
,0,1,2,3,4,5,6,7,8,9,10,11,12,13,14,15,16,17
0:11:35,,,,,,,,,,,,,,,,normal,4,26
,0,1,2,3,4,5,6,7,8,9,10,11,12,13,14,15,16,17
0:11:36,,,,,,,,,,,,,,,,normal,4,26
,0,1,2,3,4,5,6,7,8,9,10,11,12,13,14,15,16,17
0:11:37,,,,,,,,,,,,,,,,normal,4,26
,0,1,2,3,4,5,6,7,8,9,10,11,12,13,14,15,16,17
0:11:38,,,,,,,,,,,,,,,,normal,4,26
,0,1,2,3,4,5,6,7,8,9,10,11,12,13,14,15,16,17
0:11:39,,,,,,,,,,,,,,,,normal,4,26
,0,1,2,3,4,5,6,7,8,9,10,11,12,13,14,15,16,17
0:11:40,,,,,,,,,,,,,,,,normal,4,26
,0,1,2,3,4,5,6,7,8,9,10,11,12,13,14,15,16,17
0:11:41,,,,,,,,,,,,,,,,normal,4,26
,0,1,2,3,4,5,6,7,8,9,10,11,12,13,14,15,16,17
0:11:42,,,,,,,,,,,,,,,,normal,4,26
,0,1,2,3,4,5,6,7,8,9,10,11,12,13,14,15,16,17
0:11:43,,,,,,,,,,,,,,,,normal,4,26
,0,1,2,3,4,5,6,7,8,9,10,11,12,13,14,15,16,17
0:11:44,,,,,,,,,,,,,,,,normal,4,26
,0,1,2,3,4,5,6,7,8,9,10,11,12,13,14,15,16,17
0:11:45,,,,,,,,,,,,,,,,normal,4,26
,0,1,2,3,4,5,6,7,8,9,10,11,12,13,14,15,16,17
0:11:46,,,,,,,,,,,,,,,,normal,4,26
,0,1,2,3,4,5,6,7,8,9,10,11,12,13,14,15,16,17
0:11:47,,,,,,,,,,,,,,,,normal,4,26
,0,1,2,3,4,5,6,7,8,9,10,11,12,13,14,15,16,17
0:11:48,,,,,,,,,,,,,,,,normal,4,26
,0,1,2,3,4,5,6,7,8,9,10,11,12,13,14,15,16,17
0:11:49,,,,,,,,,,,,,,,,normal,4,26
,0,1,2,3,4,5,6,7,8,9,10,11,12,13,14,15,16,17
0:11:50,,,,,,,,,,,,,,,,normal,4,26
,0,1,2,3,4,5,6,7,8,9,10,11,12,13,14,15,16,17
0:11:51,,,,,,,,,,,,,,,,normal,4,26
,0,1,2,3,4,5,6,7,8,9,10,11,12,13,14,15,16,17
0:11:52,,,,,,,,,,,,,,,,normal,4,26
,0,1,2,3,4,5,6,7,8,9,10,11,12,13,14,15,16,17
0:11:53,,,,,,,,,,,,,,,,normal,4,26
,0,1,2,3,4,5,6,7,8,9,10,11,12,13,14,15,16,17
0:11:54,,,,,,,,,,,,,,,,normal,4,26
,0,1,2,3,4,5,6,7,8,9,10,11,12,13,14,15,16,17
0:11:55,,,,,,,,,,,,,,,,normal,4,26
,0,1,2,3,4,5,6,7,8,9,10,11,12,13,14,15,16,17
0:11:56,,,,,,,,,,,,,,,,normal,4,26
,0,1,2,3,4,5,6,7,8,9,10,11,12,13,14,15,16,17
0:11:57,,,,,,,,,,,,,,,,normal,4,26
,0,1,2,3,4,5,6,7,8,9,10,11,12,13,14,15,16,17
0:11:58,,,,,,,,,,,,,,,,normal,4,26
,0,1,2,3,4,5,6,7,8,9,10,11,12,13,14,15,16,17
0:11:59,,,,,,,,,,,,,,,,normal,4,26
,0,1,2,3,4,5,6,7,8,9,10,11,12,13,14,15,16,17
0:12:00,,,,,,,,,,,,,,,,normal,4,26
,0,1,2,3,4,5,6,7,8,9,10,11,12,13,14,15,16,17
0:12:01,,,,,,,,,,,,,,,,normal,4,26
,0,1,2,3,4,5,6,7,8,9,10,11,12,13,14,15,16,17
0:12:02,,,,,,,,,,,,,,,,normal,4,26
,0,1,2,3,4,5,6,7,8,9,10,11,12,13,14,15,16,17
0:12:03,,,,,,,,,,,,,,,,normal,4,26
,0,1,2,3,4,5,6,7,8,9,10,11,12,13,14,15,16,17
0:12:04,,,,,,,,,,,,,,,,normal,4,26
,0,1,2,3,4,5,6,7,8,9,10,11,12,13,14,15,16,17
0:12:05,,,,,,,,,,,,,,,,normal,4,26
,0,1,2,3,4,5,6,7,8,9,10,11,12,13,14,15,16,17
0:12:06,,,,,,,,,,,,,,,,normal,4,26
,0,1,2,3,4,5,6,7,8,9,10,11,12,13,14,15,16,17
0:12:07,,,,,,,,,,,,,,,,normal,4,26
,0,1,2,3,4,5,6,7,8,9,10,11,12,13,14,15,16,17
0:12:08,,,,,,,,,,,,,,,,normal,4,26
,0,1,2,3,4,5,6,7,8,9,10,11,12,13,14,15,16,17
0:12:09,,,,,,,,,,,,,,,,normal,4,26
,0,1,2,3,4,5,6,7,8,9,10,11,12,13,14,15,16,17
0:12:10,,,,,,,,,,,,,,,,normal,4,26
,0,1,2,3,4,5,6,7,8,9,10,11,12,13,14,15,16,17
0:12:11,,,,,,,,,,,,,,,,normal,4,26
,0,1,2,3,4,5,6,7,8,9,10,11,12,13,14,15,16,17
0:12:12,,,,,,,,,,,,,,,,normal,4,26
,0,1,2,3,4,5,6,7,8,9,10,11,12,13,14,15,16,17
0:12:13,,,,,,,,,,,,,,,,normal,4,26
,0,1,2,3,4,5,6,7,8,9,10,11,12,13,14,15,16,17
0:12:14,,,,,,,,,,,,,,,,normal,4,26
,0,1,2,3,4,5,6,7,8,9,10,11,12,13,14,15,16,17
0:12:15,,,,,,,,,,,,,,,,normal,4,26
,0,1,2,3,4,5,6,7,8,9,10,11,12,13,14,15,16,17
0:12:16,,,,,,,,,,,,,,,,normal,4,26
,0,1,2,3,4,5,6,7,8,9,10,11,12,13,14,15,16,17
0:12:17,,,,,,,,,,,,,,,,normal,4,26
,0,1,2,3,4,5,6,7,8,9,10,11,12,13,14,15,16,17
0:12:18,,,,,,,,,,,,,,,,normal,4,26
,0,1,2,3,4,5,6,7,8,9,10,11,12,13,14,15,16,17
0:12:19,,,,,,,,,,,,,,,,normal,4,26
,0,1,2,3,4,5,6,7,8,9,10,11,12,13,14,15,16,17
0:12:20,,,,,,,,,,,,,,,,normal,4,26
,0,1,2,3,4,5,6,7,8,9,10,11,12,13,14,15,16,17
0:12:21,,,,,,,,,,,,,,,,normal,4,26
,0,1,2,3,4,5,6,7,8,9,10,11,12,13,14,15,16,17
0:12:22,,,,,,,,,,,,,,,,normal,4,26
,0,1,2,3,4,5,6,7,8,9,10,11,12,13,14,15,16,17
0:12:23,,,,,,,,,,,,,,,,normal,4,26
,0,1,2,3,4,5,6,7,8,9,10,11,12,13,14,15,16,17
0:12:24,,,,,,,,,,,,,,,,normal,4,26
,0,1,2,3,4,5,6,7,8,9,10,11,12,13,14,15,16,17
0:12:25,,,,,,,,,,,,,,,,normal,4,26
,0,1,2,3,4,5,6,7,8,9,10,11,12,13,14,15,16,17
0:12:26,,,,,,,,,,,,,,,,normal,4,26
,0,1,2,3,4,5,6,7,8,9,10,11,12,13,14,15,16,17
0:12:27,,,,,,,,,,,,,,,,normal,4,26
,0,1,2,3,4,5,6,7,8,9,10,11,12,13,14,15,16,17
0:12:28,,,,,,,,,,,,,,,,normal,4,26
,0,1,2,3,4,5,6,7,8,9,10,11,12,13,14,15,16,17
0:12:29,,,,,,,,,,,,,,,,normal,4,26
,0,1,2,3,4,5,6,7,8,9,10,11,12,13,14,15,16,17
0:12:30,,,,,,,,,,,,,,,,normal,4,26
,0,1,2,3,4,5,6,7,8,9,10,11,12,13,14,15,16,17
0:12:31,,,,,,,,,,,,,,,,normal,4,26
,0,1,2,3,4,5,6,7,8,9,10,11,12,13,14,15,16,17
0:12:32,,,,,,,,,,,,,,,,normal,4,26
,0,1,2,3,4,5,6,7,8,9,10,11,12,13,14,15,16,17
0:12:33,,,,,,,,,,,,,,,,normal,4,26
,0,1,2,3,4,5,6,7,8,9,10,11,12,13,14,15,16,17
0:12:34,,,,,,,,,,,,,,,,normal,4,26
,0,1,2,3,4,5,6,7,8,9,10,11,12,13,14,15,16,17
0:12:35,,,,,,,,,,,,,,,,normal,4,26
,0,1,2,3,4,5,6,7,8,9,10,11,12,13,14,15,16,17
0:12:36,,,,,,,,,,,,,,,,normal,4,26
,0,1,2,3,4,5,6,7,8,9,10,11,12,13,14,15,16,17
0:12:37,,,,,,,,,,,,,,,,normal,4,26
,0,1,2,3,4,5,6,7,8,9,10,11,12,13,14,15,16,17
0:12:38,,,,,,,,,,,,,,,,normal,4,26
,0,1,2,3,4,5,6,7,8,9,10,11,12,13,14,15,16,17
0:12:39,,,,,,,,,,,,,,,,normal,4,26
,0,1,2,3,4,5,6,7,8,9,10,11,12,13,14,15,16,17
0:12:40,,,,,,,,,,,,,,,,normal,4,26
,0,1,2,3,4,5,6,7,8,9,10,11,12,13,14,15,16,17
0:12:41,,,,,,,,,,,,,,,,normal,4,26
,0,1,2,3,4,5,6,7,8,9,10,11,12,13,14,15,16,17
0:12:42,,,,,,,,,,,,,,,,normal,4,26
,0,1,2,3,4,5,6,7,8,9,10,11,12,13,14,15,16,17
0:12:43,,,,,,,,,,,,,,,,normal,4,26
,0,1,2,3,4,5,6,7,8,9,10,11,12,13,14,15,16,17
0:12:44,,,,,,,,,,,,,,,,normal,4,26
,0,1,2,3,4,5,6,7,8,9,10,11,12,13,14,15,16,17
0:12:45,,,,,,,,,,,,,,,,normal,4,26
,0,1,2,3,4,5,6,7,8,9,10,11,12,13,14,15,16,17
0:12:46,,,,,,,,,,,,,,,,normal,4,26
,0,1,2,3,4,5,6,7,8,9,10,11,12,13,14,15,16,17
0:12:47,,,,,,,,,,,,,,,,normal,4,26
,0,1,2,3,4,5,6,7,8,9,10,11,12,13,14,15,16,17
0:12:48,,,,,,,,,,,,,,,,normal,4,26
,0,1,2,3,4,5,6,7,8,9,10,11,12,13,14,15,16,17
0:12:49,,,,,,,,,,,,,,,,normal,4,26
,0,1,2,3,4,5,6,7,8,9,10,11,12,13,14,15,16,17
0:12:50,,,,,,,,,,,,,,,,normal,4,26
,0,1,2,3,4,5,6,7,8,9,10,11,12,13,14,15,16,17
0:12:51,,,,,,,,,,,,,,,,normal,4,26
,0,1,2,3,4,5,6,7,8,9,10,11,12,13,14,15,16,17
0:12:52,,,,,,,,,,,,,,,,normal,4,26
,0,1,2,3,4,5,6,7,8,9,10,11,12,13,14,15,16,17
0:12:53,,,,,,,,,,,,,,,,normal,4,26
,0,1,2,3,4,5,6,7,8,9,10,11,12,13,14,15,16,17
0:12:54,,,,,,,,,,,,,,,,normal,4,26
,0,1,2,3,4,5,6,7,8,9,10,11,12,13,14,15,16,17
0:12:55,,,,,,,,,,,,,,,,normal,4,26
,0,1,2,3,4,5,6,7,8,9,10,11,12,13,14,15,16,17
0:12:56,,,,,,,,,,,,,,,,normal,4,26
,0,1,2,3,4,5,6,7,8,9,10,11,12,13,14,15,16,17
0:12:57,,,,,,,,,,,,,,,,normal,4,26
,0,1,2,3,4,5,6,7,8,9,10,11,12,13,14,15,16,17
0:12:58,,,,,,,,,,,,,,,,normal,4,26
,0,1,2,3,4,5,6,7,8,9,10,11,12,13,14,15,16,17
0:12:59,,,,,,,,,,,,,,,,normal,4,26
,0,1,2,3,4,5,6,7,8,9,10,11,12,13,14,15,16,17
0:13:00,,,,,,,,,,,,,,,,normal,4,26
,0,1,2,3,4,5,6,7,8,9,10,11,12,13,14,15,16,17
0:13:01,,,,,,,,,,,,,,,,normal,4,26
,0,1,2,3,4,5,6,7,8,9,10,11,12,13,14,15,16,17
0:13:02,,,,,,,,,,,,,,,,normal,4,26
,0,1,2,3,4,5,6,7,8,9,10,11,12,13,14,15,16,17
0:13:03,,,,,,,,,,,,,,,,normal,4,26
,0,1,2,3,4,5,6,7,8,9,10,11,12,13,14,15,16,17
0:13:04,,,,,,,,,,,,,,,,normal,4,26
,0,1,2,3,4,5,6,7,8,9,10,11,12,13,14,15,16,17
0:13:05,,,,,,,,,,,,,,,,normal,4,26
,0,1,2,3,4,5,6,7,8,9,10,11,12,13,14,15,16,17
0:13:06,,,,,,,,,,,,,,,,normal,4,26
,0,1,2,3,4,5,6,7,8,9,10,11,12,13,14,15,16,17
0:13:07,,,,,,,,,,,,,,,,normal,4,26
,0,1,2,3,4,5,6,7,8,9,10,11,12,13,14,15,16,17
0:13:08,,,,,,,,,,,,,,,,normal,4,26
,0,1,2,3,4,5,6,7,8,9,10,11,12,13,14,15,16,17
0:13:09,,,,,,,,,,,,,,,,normal,4,26
,0,1,2,3,4,5,6,7,8,9,10,11,12,13,14,15,16,17
0:13:10,,,,,,,,,,,,,,,,normal,4,26
,0,1,2,3,4,5,6,7,8,9,10,11,12,13,14,15,16,17
0:13:11,,,,,,,,,,,,,,,,normal,4,26
,0,1,2,3,4,5,6,7,8,9,10,11,12,13,14,15,16,17
0:13:12,,,,,,,,,,,,,,,,normal,4,26
,0,1,2,3,4,5,6,7,8,9,10,11,12,13,14,15,16,17
0:13:13,,,,,,,,,,,,,,,,normal,4,26
,0,1,2,3,4,5,6,7,8,9,10,11,12,13,14,15,16,17
0:13:14,,,,,,,,,,,,,,,,normal,4,26
,0,1,2,3,4,5,6,7,8,9,10,11,12,13,14,15,16,17
0:13:15,,,,,,,,,,,,,,,,normal,4,26
,0,1,2,3,4,5,6,7,8,9,10,11,12,13,14,15,16,17
0:13:16,,,,,,,,,,,,,,,,normal,4,26
,0,1,2,3,4,5,6,7,8,9,10,11,12,13,14,15,16,17
0:13:17,,,,,,,,,,,,,,,,normal,4,26
,0,1,2,3,4,5,6,7,8,9,10,11,12,13,14,15,16,17
0:13:18,,,,,,,,,,,,,,,,normal,4,26
,0,1,2,3,4,5,6,7,8,9,10,11,12,13,14,15,16,17
0:13:19,,,,,,,,,,,,,,,,normal,4,26
,0,1,2,3,4,5,6,7,8,9,10,11,12,13,14,15,16,17
0:13:20,,,,,,,,,,,,,,,,normal,4,26
,0,1,2,3,4,5,6,7,8,9,10,11,12,13,14,15,16,17
0:13:21,,,,,,,,,,,,,,,,normal,4,26
,0,1,2,3,4,5,6,7,8,9,10,11,12,13,14,15,16,17
0:13:22,,,,,,,,,,,,,,,,normal,4,26
,0,1,2,3,4,5,6,7,8,9,10,11,12,13,14,15,16,17
0:13:23,,,,,,,,,,,,,,,,normal,4,26
,0,1,2,3,4,5,6,7,8,9,10,11,12,13,14,15,16,17
0:13:24,,,,,,,,,,,,,,,,normal,4,26
,0,1,2,3,4,5,6,7,8,9,10,11,12,13,14,15,16,17
0:13:25,,,,,,,,,,,,,,,,normal,4,26
,0,1,2,3,4,5,6,7,8,9,10,11,12,13,14,15,16,17
0:13:26,,,,,,,,,,,,,,,,normal,4,26
,0,1,2,3,4,5,6,7,8,9,10,11,12,13,14,15,16,17
0:13:27,,,,,,,,,,,,,,,,normal,4,26
,0,1,2,3,4,5,6,7,8,9,10,11,12,13,14,15,16,17
0:13:28,,,,,,,,,,,,,,,,normal,4,26
,0,1,2,3,4,5,6,7,8,9,10,11,12,13,14,15,16,17
0:13:29,,,,,,,,,,,,,,,,normal,4,26
,0,1,2,3,4,5,6,7,8,9,10,11,12,13,14,15,16,17
0:13:30,,,,,,,,,,,,,,,,normal,4,26
,0,1,2,3,4,5,6,7,8,9,10,11,12,13,14,15,16,17
0:13:31,,,,,,,,,,,,,,,,normal,4,26
,0,1,2,3,4,5,6,7,8,9,10,11,12,13,14,15,16,17
0:13:32,,,,,,,,,,,,,,,,normal,4,26
,0,1,2,3,4,5,6,7,8,9,10,11,12,13,14,15,16,17
0:13:33,,,,,,,,,,,,,,,,normal,4,26
,0,1,2,3,4,5,6,7,8,9,10,11,12,13,14,15,16,17
0:13:34,,,,,,,,,,,,,,,,normal,4,26
,0,1,2,3,4,5,6,7,8,9,10,11,12,13,14,15,16,17
0:13:35,,,,,,,,,,,,,,,,normal,4,26
,0,1,2,3,4,5,6,7,8,9,10,11,12,13,14,15,16,17
0:13:36,,,,,,,,,,,,,,,,normal,4,26
,0,1,2,3,4,5,6,7,8,9,10,11,12,13,14,15,16,17
0:13:37,,,,,,,,,,,,,,,,normal,4,26
,0,1,2,3,4,5,6,7,8,9,10,11,12,13,14,15,16,17
0:13:38,,,,,,,,,,,,,,,,normal,4,26
,0,1,2,3,4,5,6,7,8,9,10,11,12,13,14,15,16,17
0:13:39,,,,,,,,,,,,,,,,normal,4,26
,0,1,2,3,4,5,6,7,8,9,10,11,12,13,14,15,16,17
0:13:40,,,,,,,,,,,,,,,,normal,4,26
,0,1,2,3,4,5,6,7,8,9,10,11,12,13,14,15,16,17
0:13:41,,,,,,,,,,,,,,,,normal,4,26
,0,1,2,3,4,5,6,7,8,9,10,11,12,13,14,15,16,17
0:00:00,,,,,,,,,,,,,,,,normal,4,26
,0,1,2,3,4,5,6,7,8,9,10,11,12,13,14,15,16,17
0:00:01,,,,,,,,,,,,,,,,normal,4,26
,0,1,2,3,4,5,6,7,8,9,10,11,12,13,14,15,16,17
0:00:02,,,,,,,,,,,,,,,,normal,4,26
,0,1,2,3,4,5,6,7,8,9,10,11,12,13,14,15,16,17
0:00:03,,,,,,,,,,,,,,,,normal,4,26
,0,1,2,3,4,5,6,7,8,9,10,11,12,13,14,15,16,17
0:00:04,,,,,,,,,,,,,,,,normal,4,26
,0,1,2,3,4,5,6,7,8,9,10,11,12,13,14,15,16,17
0:00:05,,,,,,,,,,,,,,,,normal,4,26
,0,1,2,3,4,5,6,7,8,9,10,11,12,13,14,15,16,17
0:00:06,,,,,,,,,,,,,,,,normal,4,26
,0,1,2,3,4,5,6,7,8,9,10,11,12,13,14,15,16,17
0:00:07,,,,,,,,,,,,,,,,normal,4,26
,0,1,2,3,4,5,6,7,8,9,10,11,12,13,14,15,16,17
0:00:08,,,,,,,,,,,,,,,,normal,4,26
,0,1,2,3,4,5,6,7,8,9,10,11,12,13,14,15,16,17
0:00:09,,,,,,,,,,,,,,,,normal,4,26
,0,1,2,3,4,5,6,7,8,9,10,11,12,13,14,15,16,17
0:00:10,,,,,,,,,,,,,,,,normal,4,26
,0,1,2,3,4,5,6,7,8,9,10,11,12,13,14,15,16,17
0:00:11,,,,,,,,,,,,,,,,normal,4,26
,0,1,2,3,4,5,6,7,8,9,10,11,12,13,14,15,16,17
0:00:12,,,,,,,,,,,,,,,,normal,4,26
,0,1,2,3,4,5,6,7,8,9,10,11,12,13,14,15,16,17
0:00:13,,,,,,,,,,,,,,,,normal,4,26
,0,1,2,3,4,5,6,7,8,9,10,11,12,13,14,15,16,17
0:00:14,,,,,,,,,,,,,,,,normal,4,26
,0,1,2,3,4,5,6,7,8,9,10,11,12,13,14,15,16,17
0:00:15,,,,,,,,,,,,,,,,normal,4,26
,0,1,2,3,4,5,6,7,8,9,10,11,12,13,14,15,16,17
0:00:16,,,,,,,,,,,,,,,,normal,4,26
,0,1,2,3,4,5,6,7,8,9,10,11,12,13,14,15,16,17
0:00:17,,,,,,,,,,,,,,,,normal,4,26
,0,1,2,3,4,5,6,7,8,9,10,11,12,13,14,15,16,17
0:00:18,,,,,,,,,,,,,,,,normal,4,26
,0,1,2,3,4,5,6,7,8,9,10,11,12,13,14,15,16,17
0:00:19,,,,,,,,,,,,,,,,normal,4,26
,0,1,2,3,4,5,6,7,8,9,10,11,12,13,14,15,16,17
0:00:20,,,,,,,,,,,,,,,,normal,4,26
,0,1,2,3,4,5,6,7,8,9,10,11,12,13,14,15,16,17
0:00:21,,,,,,,,,,,,,,,,normal,4,26
,0,1,2,3,4,5,6,7,8,9,10,11,12,13,14,15,16,17
0:00:22,,,,,,,,,,,,,,,,normal,4,26
,0,1,2,3,4,5,6,7,8,9,10,11,12,13,14,15,16,17
0:00:23,,,,,,,,,,,,,,,,normal,4,26
,0,1,2,3,4,5,6,7,8,9,10,11,12,13,14,15,16,17
0:00:24,,,,,,,,,,,,,,,,normal,4,26
,0,1,2,3,4,5,6,7,8,9,10,11,12,13,14,15,16,17
0:00:25,,,,,,,,,,,,,,,,normal,4,26
,0,1,2,3,4,5,6,7,8,9,10,11,12,13,14,15,16,17
0:00:26,,,,,,,,,,,,,,,,normal,4,26
,0,1,2,3,4,5,6,7,8,9,10,11,12,13,14,15,16,17
0:00:27,,,,,,,,,,,,,,,,normal,4,26
,0,1,2,3,4,5,6,7,8,9,10,11,12,13,14,15,16,17
0:00:28,,,,,,,,,,,,,,,,normal,4,26
,0,1,2,3,4,5,6,7,8,9,10,11,12,13,14,15,16,17
0:00:29,,,,,,,,,,,,,,,,normal,4,26
,0,1,2,3,4,5,6,7,8,9,10,11,12,13,14,15,16,17
0:00:30,,,,,,,,,,,,,,,,normal,4,26
,0,1,2,3,4,5,6,7,8,9,10,11,12,13,14,15,16,17
0:00:31,,,,,,,,,,,,,,,,normal,4,26
,0,1,2,3,4,5,6,7,8,9,10,11,12,13,14,15,16,17
0:00:32,,,,,,,,,,,,,,,,normal,4,26
,0,1,2,3,4,5,6,7,8,9,10,11,12,13,14,15,16,17
0:00:33,,,,,,,,,,,,,,,,normal,4,26
,0,1,2,3,4,5,6,7,8,9,10,11,12,13,14,15,16,17
0:00:34,,,,,,,,,,,,,,,,normal,4,26
,0,1,2,3,4,5,6,7,8,9,10,11,12,13,14,15,16,17
0:00:35,,,,,,,,,,,,,,,,normal,4,26
,0,1,2,3,4,5,6,7,8,9,10,11,12,13,14,15,16,17
0:00:36,,,,,,,,,,,,,,,,normal,4,26
,0,1,2,3,4,5,6,7,8,9,10,11,12,13,14,15,16,17
0:00:37,,,,,,,,,,,,,,,,normal,4,26
,0,1,2,3,4,5,6,7,8,9,10,11,12,13,14,15,16,17
0:00:38,,,,,,,,,,,,,,,,normal,4,26
,0,1,2,3,4,5,6,7,8,9,10,11,12,13,14,15,16,17
0:00:39,,,,,,,,,,,,,,,,normal,4,26
,0,1,2,3,4,5,6,7,8,9,10,11,12,13,14,15,16,17
0:00:40,,,,,,,,,,,,,,,,normal,4,26
,0,1,2,3,4,5,6,7,8,9,10,11,12,13,14,15,16,17
0:00:41,,,,,,,,,,,,,,,,normal,4,26
,0,1,2,3,4,5,6,7,8,9,10,11,12,13,14,15,16,17
0:00:42,,,,,,,,,,,,,,,,normal,4,26
,0,1,2,3,4,5,6,7,8,9,10,11,12,13,14,15,16,17
0:00:43,,,,,,,,,,,,,,,,normal,4,26
,0,1,2,3,4,5,6,7,8,9,10,11,12,13,14,15,16,17
0:00:44,,,,,,,,,,,,,,,,normal,4,26
,0,1,2,3,4,5,6,7,8,9,10,11,12,13,14,15,16,17
0:00:45,,,,,,,,,,,,,,,,normal,4,26
,0,1,2,3,4,5,6,7,8,9,10,11,12,13,14,15,16,17
0:00:46,,,,,,,,,,,,,,,,normal,4,26
,0,1,2,3,4,5,6,7,8,9,10,11,12,13,14,15,16,17
0:00:47,,,,,,,,,,,,,,,,normal,4,26
,0,1,2,3,4,5,6,7,8,9,10,11,12,13,14,15,16,17
0:00:48,,,,,,,,,,,,,,,,normal,4,26
,0,1,2,3,4,5,6,7,8,9,10,11,12,13,14,15,16,17
0:00:49,,,,,,,,,,,,,,,,normal,4,26
,0,1,2,3,4,5,6,7,8,9,10,11,12,13,14,15,16,17
0:00:50,,,,,,,,,,,,,,,,normal,4,26
,0,1,2,3,4,5,6,7,8,9,10,11,12,13,14,15,16,17
0:00:51,,,,,,,,,,,,,,,,normal,4,26
,0,1,2,3,4,5,6,7,8,9,10,11,12,13,14,15,16,17
0:00:52,,,,,,,,,,,,,,,,normal,4,26
,0,1,2,3,4,5,6,7,8,9,10,11,12,13,14,15,16,17
0:00:53,,,,,,,,,,,,,,,,normal,4,26
,0,1,2,3,4,5,6,7,8,9,10,11,12,13,14,15,16,17
0:00:54,,,,,,,,,,,,,,,,normal,4,26
,0,1,2,3,4,5,6,7,8,9,10,11,12,13,14,15,16,17
0:00:55,,,,,,,,,,,,,,,,normal,4,26
,0,1,2,3,4,5,6,7,8,9,10,11,12,13,14,15,16,17
0:00:56,,,,,,,,,,,,,,,,normal,4,26
,0,1,2,3,4,5,6,7,8,9,10,11,12,13,14,15,16,17
0:00:57,,,,,,,,,,,,,,,,normal,4,26
,0,1,2,3,4,5,6,7,8,9,10,11,12,13,14,15,16,17
0:00:58,,,,,,,,,,,,,,,,normal,4,26
,0,1,2,3,4,5,6,7,8,9,10,11,12,13,14,15,16,17
0:00:59,,,,,,,,,,,,,,,,normal,4,26
,0,1,2,3,4,5,6,7,8,9,10,11,12,13,14,15,16,17
0:01:00,,,,,,,,,,,,,,,,normal,4,26
,0,1,2,3,4,5,6,7,8,9,10,11,12,13,14,15,16,17
0:01:01,,,,,,,,,,,,,,,,normal,4,26
,0,1,2,3,4,5,6,7,8,9,10,11,12,13,14,15,16,17
0:01:02,,,,,,,,,,,,,,,,normal,4,26
,0,1,2,3,4,5,6,7,8,9,10,11,12,13,14,15,16,17
0:01:03,,,,,,,,,,,,,,,,normal,4,26
,0,1,2,3,4,5,6,7,8,9,10,11,12,13,14,15,16,17
0:01:04,,,,,,,,,,,,,,,,normal,4,26
,0,1,2,3,4,5,6,7,8,9,10,11,12,13,14,15,16,17
0:01:05,,,,,,,,,,,,,,,,normal,4,26
,0,1,2,3,4,5,6,7,8,9,10,11,12,13,14,15,16,17
0:01:06,,,,,,,,,,,,,,,,normal,4,26
,0,1,2,3,4,5,6,7,8,9,10,11,12,13,14,15,16,17
0:01:07,,,,,,,,,,,,,,,,normal,4,26
,0,1,2,3,4,5,6,7,8,9,10,11,12,13,14,15,16,17
0:01:08,,,,,,,,,,,,,,,,normal,4,26
,0,1,2,3,4,5,6,7,8,9,10,11,12,13,14,15,16,17
0:01:09,,,,,,,,,,,,,,,,normal,4,26
,0,1,2,3,4,5,6,7,8,9,10,11,12,13,14,15,16,17
0:01:10,,,,,,,,,,,,,,,,normal,4,26
,0,1,2,3,4,5,6,7,8,9,10,11,12,13,14,15,16,17
0:01:11,,,,,,,,,,,,,,,,normal,4,26
,0,1,2,3,4,5,6,7,8,9,10,11,12,13,14,15,16,17
0:01:12,,,,,,,,,,,,,,,,normal,4,26
,0,1,2,3,4,5,6,7,8,9,10,11,12,13,14,15,16,17
0:01:13,,,,,,,,,,,,,,,,normal,4,26
,0,1,2,3,4,5,6,7,8,9,10,11,12,13,14,15,16,17
0:01:14,,,,,,,,,,,,,,,,normal,4,26
,0,1,2,3,4,5,6,7,8,9,10,11,12,13,14,15,16,17
0:01:15,,,,,,,,,,,,,,,,normal,4,26
,0,1,2,3,4,5,6,7,8,9,10,11,12,13,14,15,16,17
0:01:16,,,,,,,,,,,,,,,,normal,4,26
,0,1,2,3,4,5,6,7,8,9,10,11,12,13,14,15,16,17
0:01:17,,,,,,,,,,,,,,,,normal,4,26
,0,1,2,3,4,5,6,7,8,9,10,11,12,13,14,15,16,17
0:01:18,,,,,,,,,,,,,,,,normal,4,26
,0,1,2,3,4,5,6,7,8,9,10,11,12,13,14,15,16,17
0:01:19,,,,,,,,,,,,,,,,normal,4,26
,0,1,2,3,4,5,6,7,8,9,10,11,12,13,14,15,16,17
0:01:20,,,,,,,,,,,,,,,,normal,4,26
,0,1,2,3,4,5,6,7,8,9,10,11,12,13,14,15,16,17
0:01:21,,,,,,,,,,,,,,,,normal,4,26
,0,1,2,3,4,5,6,7,8,9,10,11,12,13,14,15,16,17
0:01:22,,,,,,,,,,,,,,,,normal,4,26
,0,1,2,3,4,5,6,7,8,9,10,11,12,13,14,15,16,17
0:01:23,,,,,,,,,,,,,,,,normal,4,26
,0,1,2,3,4,5,6,7,8,9,10,11,12,13,14,15,16,17
0:01:24,,,,,,,,,,,,,,,,normal,4,26
,0,1,2,3,4,5,6,7,8,9,10,11,12,13,14,15,16,17
0:01:25,,,,,,,,,,,,,,,,normal,4,26
,0,1,2,3,4,5,6,7,8,9,10,11,12,13,14,15,16,17
0:01:26,,,,,,,,,,,,,,,,normal,4,26
,0,1,2,3,4,5,6,7,8,9,10,11,12,13,14,15,16,17
0:01:27,,,,,,,,,,,,,,,,normal,4,26
,0,1,2,3,4,5,6,7,8,9,10,11,12,13,14,15,16,17
0:01:28,,,,,,,,,,,,,,,,normal,4,26
,0,1,2,3,4,5,6,7,8,9,10,11,12,13,14,15,16,17
0:01:29,,,,,,,,,,,,,,,,normal,4,26
,0,1,2,3,4,5,6,7,8,9,10,11,12,13,14,15,16,17
0:01:30,,,,,,,,,,,,,,,,normal,4,26
,0,1,2,3,4,5,6,7,8,9,10,11,12,13,14,15,16,17
0:01:31,,,,,,,,,,,,,,,,normal,4,26
,0,1,2,3,4,5,6,7,8,9,10,11,12,13,14,15,16,17
0:01:32,,,,,,,,,,,,,,,,normal,4,26
,0,1,2,3,4,5,6,7,8,9,10,11,12,13,14,15,16,17
0:01:33,,,,,,,,,,,,,,,,normal,4,26
,0,1,2,3,4,5,6,7,8,9,10,11,12,13,14,15,16,17
0:01:34,,,,,,,,,,,,,,,,normal,4,26
,0,1,2,3,4,5,6,7,8,9,10,11,12,13,14,15,16,17
0:01:35,,,,,,,,,,,,,,,,normal,4,26
,0,1,2,3,4,5,6,7,8,9,10,11,12,13,14,15,16,17
0:01:36,,,,,,,,,,,,,,,,normal,4,26
,0,1,2,3,4,5,6,7,8,9,10,11,12,13,14,15,16,17
0:01:37,,,,,,,,,,,,,,,,normal,4,26
,0,1,2,3,4,5,6,7,8,9,10,11,12,13,14,15,16,17
0:01:38,,,,,,,,,,,,,,,,normal,4,26
,0,1,2,3,4,5,6,7,8,9,10,11,12,13,14,15,16,17
0:01:39,,,,,,,,,,,,,,,,normal,4,26
,0,1,2,3,4,5,6,7,8,9,10,11,12,13,14,15,16,17
0:01:40,,,,,,,,,,,,,,,,normal,4,26
,0,1,2,3,4,5,6,7,8,9,10,11,12,13,14,15,16,17
0:01:41,,,,,,,,,,,,,,,,normal,4,26
,0,1,2,3,4,5,6,7,8,9,10,11,12,13,14,15,16,17
0:01:42,,,,,,,,,,,,,,,,normal,4,26
,0,1,2,3,4,5,6,7,8,9,10,11,12,13,14,15,16,17
0:01:43,,,,,,,,,,,,,,,,normal,4,26
,0,1,2,3,4,5,6,7,8,9,10,11,12,13,14,15,16,17
0:01:44,,,,,,,,,,,,,,,,normal,4,26
,0,1,2,3,4,5,6,7,8,9,10,11,12,13,14,15,16,17
0:01:45,,,,,,,,,,,,,,,,normal,4,26
,0,1,2,3,4,5,6,7,8,9,10,11,12,13,14,15,16,17
0:01:46,,,,,,,,,,,,,,,,normal,4,26
,0,1,2,3,4,5,6,7,8,9,10,11,12,13,14,15,16,17
0:01:47,,,,,,,,,,,,,,,,normal,4,26
,0,1,2,3,4,5,6,7,8,9,10,11,12,13,14,15,16,17
0:01:48,,,,,,,,,,,,,,,,normal,4,26
,0,1,2,3,4,5,6,7,8,9,10,11,12,13,14,15,16,17
0:01:49,,,,,,,,,,,,,,,,normal,4,26
,0,1,2,3,4,5,6,7,8,9,10,11,12,13,14,15,16,17
0:01:50,,,,,,,,,,,,,,,,normal,4,26
,0,1,2,3,4,5,6,7,8,9,10,11,12,13,14,15,16,17
0:01:51,,,,,,,,,,,,,,,,normal,4,26
,0,1,2,3,4,5,6,7,8,9,10,11,12,13,14,15,16,17
0:01:52,,,,,,,,,,,,,,,,normal,4,26
,0,1,2,3,4,5,6,7,8,9,10,11,12,13,14,15,16,17
0:01:53,,,,,,,,,,,,,,,,normal,4,26
,0,1,2,3,4,5,6,7,8,9,10,11,12,13,14,15,16,17
0:01:54,,,,,,,,,,,,,,,,normal,4,26
,0,1,2,3,4,5,6,7,8,9,10,11,12,13,14,15,16,17
0:01:55,,,,,,,,,,,,,,,,normal,4,26
,0,1,2,3,4,5,6,7,8,9,10,11,12,13,14,15,16,17
0:01:56,,,,,,,,,,,,,,,,normal,4,26
,0,1,2,3,4,5,6,7,8,9,10,11,12,13,14,15,16,17
0:01:57,,,,,,,,,,,,,,,,normal,4,26
,0,1,2,3,4,5,6,7,8,9,10,11,12,13,14,15,16,17
0:01:58,,,,,,,,,,,,,,,,normal,4,26
,0,1,2,3,4,5,6,7,8,9,10,11,12,13,14,15,16,17
0:01:59,,,,,,,,,,,,,,,,normal,4,26
,0,1,2,3,4,5,6,7,8,9,10,11,12,13,14,15,16,17
0:02:00,,,,,,,,,,,,,,,,normal,4,26
,0,1,2,3,4,5,6,7,8,9,10,11,12,13,14,15,16,17
0:02:01,,,,,,,,,,,,,,,,normal,4,26
,0,1,2,3,4,5,6,7,8,9,10,11,12,13,14,15,16,17
0:02:02,,,,,,,,,,,,,,,,normal,4,26
,0,1,2,3,4,5,6,7,8,9,10,11,12,13,14,15,16,17
0:02:03,,,,,,,,,,,,,,,,normal,4,26
,0,1,2,3,4,5,6,7,8,9,10,11,12,13,14,15,16,17
0:02:04,,,,,,,,,,,,,,,,normal,4,26
,0,1,2,3,4,5,6,7,8,9,10,11,12,13,14,15,16,17
0:02:05,,,,,,,,,,,,,,,,normal,4,26
,0,1,2,3,4,5,6,7,8,9,10,11,12,13,14,15,16,17
0:02:06,,,,,,,,,,,,,,,,normal,4,26
,0,1,2,3,4,5,6,7,8,9,10,11,12,13,14,15,16,17
0:02:07,,,,,,,,,,,,,,,,normal,4,26
,0,1,2,3,4,5,6,7,8,9,10,11,12,13,14,15,16,17
0:02:08,,,,,,,,,,,,,,,,normal,4,26
,0,1,2,3,4,5,6,7,8,9,10,11,12,13,14,15,16,17
0:02:09,,,,,,,,,,,,,,,,normal,4,26
,0,1,2,3,4,5,6,7,8,9,10,11,12,13,14,15,16,17
0:02:10,,,,,,,,,,,,,,,,normal,4,26
,0,1,2,3,4,5,6,7,8,9,10,11,12,13,14,15,16,17
0:02:11,,,,,,,,,,,,,,,,normal,4,26
,0,1,2,3,4,5,6,7,8,9,10,11,12,13,14,15,16,17
0:02:12,,,,,,,,,,,,,,,,normal,4,26
,0,1,2,3,4,5,6,7,8,9,10,11,12,13,14,15,16,17
0:02:13,,,,,,,,,,,,,,,,normal,4,26
,0,1,2,3,4,5,6,7,8,9,10,11,12,13,14,15,16,17
0:02:14,,,,,,,,,,,,,,,,normal,4,26
,0,1,2,3,4,5,6,7,8,9,10,11,12,13,14,15,16,17
0:02:15,,,,,,,,,,,,,,,,normal,4,26
,0,1,2,3,4,5,6,7,8,9,10,11,12,13,14,15,16,17
0:02:16,,,,,,,,,,,,,,,,normal,4,26
,0,1,2,3,4,5,6,7,8,9,10,11,12,13,14,15,16,17
0:02:17,,,,,,,,,,,,,,,,normal,4,26
,0,1,2,3,4,5,6,7,8,9,10,11,12,13,14,15,16,17
0:02:18,,,,,,,,,,,,,,,,normal,4,26
,0,1,2,3,4,5,6,7,8,9,10,11,12,13,14,15,16,17
0:02:19,,,,,,,,,,,,,,,,normal,4,26
,0,1,2,3,4,5,6,7,8,9,10,11,12,13,14,15,16,17
0:02:20,,,,,,,,,,,,,,,,normal,4,26
,0,1,2,3,4,5,6,7,8,9,10,11,12,13,14,15,16,17
0:02:21,,,,,,,,,,,,,,,,normal,4,26
,0,1,2,3,4,5,6,7,8,9,10,11,12,13,14,15,16,17
0:02:22,,,,,,,,,,,,,,,,normal,4,26
,0,1,2,3,4,5,6,7,8,9,10,11,12,13,14,15,16,17
0:02:23,,,,,,,,,,,,,,,,normal,4,26
,0,1,2,3,4,5,6,7,8,9,10,11,12,13,14,15,16,17
0:02:24,,,,,,,,,,,,,,,,normal,4,26
,0,1,2,3,4,5,6,7,8,9,10,11,12,13,14,15,16,17
0:02:25,,,,,,,,,,,,,,,,normal,4,26
,0,1,2,3,4,5,6,7,8,9,10,11,12,13,14,15,16,17
0:02:26,,,,,,,,,,,,,,,,normal,4,26
,0,1,2,3,4,5,6,7,8,9,10,11,12,13,14,15,16,17
0:02:27,,,,,,,,,,,,,,,,normal,4,26
,0,1,2,3,4,5,6,7,8,9,10,11,12,13,14,15,16,17
0:02:28,,,,,,,,,,,,,,,,normal,4,26
,0,1,2,3,4,5,6,7,8,9,10,11,12,13,14,15,16,17
0:02:29,,,,,,,,,,,,,,,,normal,4,26
,0,1,2,3,4,5,6,7,8,9,10,11,12,13,14,15,16,17
0:02:30,,,,,,,,,,,,,,,,normal,4,26
,0,1,2,3,4,5,6,7,8,9,10,11,12,13,14,15,16,17
0:02:31,,,,,,,,,,,,,,,,normal,4,26
,0,1,2,3,4,5,6,7,8,9,10,11,12,13,14,15,16,17
0:02:32,,,,,,,,,,,,,,,,normal,4,26
,0,1,2,3,4,5,6,7,8,9,10,11,12,13,14,15,16,17
0:02:33,,,,,,,,,,,,,,,,normal,4,26
,0,1,2,3,4,5,6,7,8,9,10,11,12,13,14,15,16,17
0:02:34,,,,,,,,,,,,,,,,normal,4,26
,0,1,2,3,4,5,6,7,8,9,10,11,12,13,14,15,16,17
0:02:35,,,,,,,,,,,,,,,,normal,4,26
,0,1,2,3,4,5,6,7,8,9,10,11,12,13,14,15,16,17
0:02:36,,,,,,,,,,,,,,,,normal,4,26
,0,1,2,3,4,5,6,7,8,9,10,11,12,13,14,15,16,17
0:02:37,,,,,,,,,,,,,,,,normal,4,26
,0,1,2,3,4,5,6,7,8,9,10,11,12,13,14,15,16,17
0:02:38,,,,,,,,,,,,,,,,normal,4,26
,0,1,2,3,4,5,6,7,8,9,10,11,12,13,14,15,16,17
0:02:39,,,,,,,,,,,,,,,,normal,4,26
,0,1,2,3,4,5,6,7,8,9,10,11,12,13,14,15,16,17
0:02:40,,,,,,,,,,,,,,,,normal,4,26
,0,1,2,3,4,5,6,7,8,9,10,11,12,13,14,15,16,17
0:02:41,,,,,,,,,,,,,,,,normal,4,26
,0,1,2,3,4,5,6,7,8,9,10,11,12,13,14,15,16,17
0:02:42,,,,,,,,,,,,,,,,normal,4,26
,0,1,2,3,4,5,6,7,8,9,10,11,12,13,14,15,16,17
0:02:43,,,,,,,,,,,,,,,,normal,4,26
,0,1,2,3,4,5,6,7,8,9,10,11,12,13,14,15,16,17
0:02:44,,,,,,,,,,,,,,,,normal,4,26
,0,1,2,3,4,5,6,7,8,9,10,11,12,13,14,15,16,17
0:02:45,,,,,,,,,,,,,,,,normal,4,26
,0,1,2,3,4,5,6,7,8,9,10,11,12,13,14,15,16,17
0:02:46,,,,,,,,,,,,,,,,normal,4,26
,0,1,2,3,4,5,6,7,8,9,10,11,12,13,14,15,16,17
0:02:47,,,,,,,,,,,,,,,,normal,4,26
,0,1,2,3,4,5,6,7,8,9,10,11,12,13,14,15,16,17
0:02:48,,,,,,,,,,,,,,,,normal,4,26
,0,1,2,3,4,5,6,7,8,9,10,11,12,13,14,15,16,17
0:02:49,,,,,,,,,,,,,,,,normal,4,26
,0,1,2,3,4,5,6,7,8,9,10,11,12,13,14,15,16,17
0:02:50,,,,,,,,,,,,,,,,normal,4,26
,0,1,2,3,4,5,6,7,8,9,10,11,12,13,14,15,16,17
0:02:51,,,,,,,,,,,,,,,,normal,4,26
,0,1,2,3,4,5,6,7,8,9,10,11,12,13,14,15,16,17
0:02:52,,,,,,,,,,,,,,,,normal,4,26
,0,1,2,3,4,5,6,7,8,9,10,11,12,13,14,15,16,17
0:02:53,,,,,,,,,,,,,,,,normal,4,26
,0,1,2,3,4,5,6,7,8,9,10,11,12,13,14,15,16,17
0:02:54,,,,,,,,,,,,,,,,normal,4,26
,0,1,2,3,4,5,6,7,8,9,10,11,12,13,14,15,16,17
0:02:55,,,,,,,,,,,,,,,,normal,4,26
,0,1,2,3,4,5,6,7,8,9,10,11,12,13,14,15,16,17
0:02:56,,,,,,,,,,,,,,,,normal,4,26
,0,1,2,3,4,5,6,7,8,9,10,11,12,13,14,15,16,17
0:02:57,,,,,,,,,,,,,,,,normal,4,26
,0,1,2,3,4,5,6,7,8,9,10,11,12,13,14,15,16,17
0:02:58,,,,,,,,,,,,,,,,normal,4,26
,0,1,2,3,4,5,6,7,8,9,10,11,12,13,14,15,16,17
0:02:59,,,,,,,,,,,,,,,,normal,4,26
,0,1,2,3,4,5,6,7,8,9,10,11,12,13,14,15,16,17
0:03:00,,,,,,,,,,,,,,,,normal,4,26
,0,1,2,3,4,5,6,7,8,9,10,11,12,13,14,15,16,17
0:03:01,,,,,,,,,,,,,,,,normal,4,26
,0,1,2,3,4,5,6,7,8,9,10,11,12,13,14,15,16,17
0:03:02,,,,,,,,,,,,,,,,normal,4,26
,0,1,2,3,4,5,6,7,8,9,10,11,12,13,14,15,16,17
0:03:03,,,,,,,,,,,,,,,,normal,4,26
,0,1,2,3,4,5,6,7,8,9,10,11,12,13,14,15,16,17
0:03:04,,,,,,,,,,,,,,,,normal,4,26
,0,1,2,3,4,5,6,7,8,9,10,11,12,13,14,15,16,17
0:03:05,,,,,,,,,,,,,,,,normal,4,26
,0,1,2,3,4,5,6,7,8,9,10,11,12,13,14,15,16,17
0:03:06,,,,,,,,,,,,,,,,normal,4,26
,0,1,2,3,4,5,6,7,8,9,10,11,12,13,14,15,16,17
0:03:07,,,,,,,,,,,,,,,,normal,4,26
,0,1,2,3,4,5,6,7,8,9,10,11,12,13,14,15,16,17
0:03:08,,,,,,,,,,,,,,,,normal,4,26
,0,1,2,3,4,5,6,7,8,9,10,11,12,13,14,15,16,17
0:03:09,,,,,,,,,,,,,,,,normal,4,26
,0,1,2,3,4,5,6,7,8,9,10,11,12,13,14,15,16,17
0:03:10,,,,,,,,,,,,,,,,normal,4,26
,0,1,2,3,4,5,6,7,8,9,10,11,12,13,14,15,16,17
0:03:11,,,,,,,,,,,,,,,,normal,4,26
,0,1,2,3,4,5,6,7,8,9,10,11,12,13,14,15,16,17
0:03:12,,,,,,,,,,,,,,,,normal,4,26
,0,1,2,3,4,5,6,7,8,9,10,11,12,13,14,15,16,17
0:03:13,,,,,,,,,,,,,,,,normal,4,26
,0,1,2,3,4,5,6,7,8,9,10,11,12,13,14,15,16,17
0:03:14,,,,,,,,,,,,,,,,normal,4,26
,0,1,2,3,4,5,6,7,8,9,10,11,12,13,14,15,16,17
0:03:15,,,,,,,,,,,,,,,,normal,4,26
,0,1,2,3,4,5,6,7,8,9,10,11,12,13,14,15,16,17
0:03:16,,,,,,,,,,,,,,,,normal,4,26
,0,1,2,3,4,5,6,7,8,9,10,11,12,13,14,15,16,17
0:03:17,,,,,,,,,,,,,,,,normal,4,26
,0,1,2,3,4,5,6,7,8,9,10,11,12,13,14,15,16,17
0:03:18,,,,,,,,,,,,,,,,normal,4,26
,0,1,2,3,4,5,6,7,8,9,10,11,12,13,14,15,16,17
0:03:19,,,,,,,,,,,,,,,,normal,4,26
,0,1,2,3,4,5,6,7,8,9,10,11,12,13,14,15,16,17
0:03:20,,,,,,,,,,,,,,,,normal,4,26
,0,1,2,3,4,5,6,7,8,9,10,11,12,13,14,15,16,17
0:03:21,,,,,,,,,,,,,,,,normal,4,26
,0,1,2,3,4,5,6,7,8,9,10,11,12,13,14,15,16,17
0:03:22,,,,,,,,,,,,,,,,normal,4,26
,0,1,2,3,4,5,6,7,8,9,10,11,12,13,14,15,16,17
0:03:23,,,,,,,,,,,,,,,,normal,4,26
,0,1,2,3,4,5,6,7,8,9,10,11,12,13,14,15,16,17
0:03:24,,,,,,,,,,,,,,,,normal,4,26
,0,1,2,3,4,5,6,7,8,9,10,11,12,13,14,15,16,17
0:03:25,,,,,,,,,,,,,,,,normal,4,26
,0,1,2,3,4,5,6,7,8,9,10,11,12,13,14,15,16,17
0:03:26,,,,,,,,,,,,,,,,normal,4,26
,0,1,2,3,4,5,6,7,8,9,10,11,12,13,14,15,16,17
0:03:27,,,,,,,,,,,,,,,,normal,4,26
,0,1,2,3,4,5,6,7,8,9,10,11,12,13,14,15,16,17
0:03:28,,,,,,,,,,,,,,,,normal,4,26
,0,1,2,3,4,5,6,7,8,9,10,11,12,13,14,15,16,17
0:03:29,,,,,,,,,,,,,,,,normal,4,26
,0,1,2,3,4,5,6,7,8,9,10,11,12,13,14,15,16,17
0:03:30,,,,,,,,,,,,,,,,normal,4,26
,0,1,2,3,4,5,6,7,8,9,10,11,12,13,14,15,16,17
0:03:31,,,,,,,,,,,,,,,,normal,4,26
,0,1,2,3,4,5,6,7,8,9,10,11,12,13,14,15,16,17
0:03:32,,,,,,,,,,,,,,,,normal,4,26
,0,1,2,3,4,5,6,7,8,9,10,11,12,13,14,15,16,17
0:03:33,,,,,,,,,,,,,,,,normal,4,26
,0,1,2,3,4,5,6,7,8,9,10,11,12,13,14,15,16,17
0:03:34,,,,,,,,,,,,,,,,normal,4,26
,0,1,2,3,4,5,6,7,8,9,10,11,12,13,14,15,16,17
0:03:35,,,,,,,,,,,,,,,,normal,4,26
,0,1,2,3,4,5,6,7,8,9,10,11,12,13,14,15,16,17
0:03:36,,,,,,,,,,,,,,,,normal,4,26
,0,1,2,3,4,5,6,7,8,9,10,11,12,13,14,15,16,17
0:03:37,,,,,,,,,,,,,,,,normal,4,26
,0,1,2,3,4,5,6,7,8,9,10,11,12,13,14,15,16,17
0:03:38,,,,,,,,,,,,,,,,normal,4,26
,0,1,2,3,4,5,6,7,8,9,10,11,12,13,14,15,16,17
0:03:39,,,,,,,,,,,,,,,,normal,4,26
,0,1,2,3,4,5,6,7,8,9,10,11,12,13,14,15,16,17
0:03:40,,,,,,,,,,,,,,,,normal,4,26
,0,1,2,3,4,5,6,7,8,9,10,11,12,13,14,15,16,17
0:03:41,,,,,,,,,,,,,,,,normal,4,26
,0,1,2,3,4,5,6,7,8,9,10,11,12,13,14,15,16,17
0:03:42,,,,,,,,,,,,,,,,normal,4,26
,0,1,2,3,4,5,6,7,8,9,10,11,12,13,14,15,16,17
0:03:43,,,,,,,,,,,,,,,,normal,4,26
,0,1,2,3,4,5,6,7,8,9,10,11,12,13,14,15,16,17
0:03:44,,,,,,,,,,,,,,,,normal,4,26
,0,1,2,3,4,5,6,7,8,9,10,11,12,13,14,15,16,17
0:03:45,,,,,,,,,,,,,,,,normal,4,26
,0,1,2,3,4,5,6,7,8,9,10,11,12,13,14,15,16,17
0:03:46,,,,,,,,,,,,,,,,normal,4,26
,0,1,2,3,4,5,6,7,8,9,10,11,12,13,14,15,16,17
0:03:47,,,,,,,,,,,,,,,,normal,4,26
,0,1,2,3,4,5,6,7,8,9,10,11,12,13,14,15,16,17
0:03:48,,,,,,,,,,,,,,,,normal,4,26
,0,1,2,3,4,5,6,7,8,9,10,11,12,13,14,15,16,17
0:03:49,,,,,,,,,,,,,,,,normal,4,26
,0,1,2,3,4,5,6,7,8,9,10,11,12,13,14,15,16,17
0:03:50,,,,,,,,,,,,,,,,normal,4,26
,0,1,2,3,4,5,6,7,8,9,10,11,12,13,14,15,16,17
0:00:00,,,,,,,,,,,,,,,,normal,4,26
,0,1,2,3,4,5,6,7,8,9,10,11,12,13,14,15,16,17
0:00:01,,,,,,,,,,,,,,,,normal,4,26
,0,1,2,3,4,5,6,7,8,9,10,11,12,13,14,15,16,17
0:00:02,,,,,,,,,,,,,,,,normal,4,26
,0,1,2,3,4,5,6,7,8,9,10,11,12,13,14,15,16,17
0:00:03,,,,,,,,,,,,,,,,normal,4,26
,0,1,2,3,4,5,6,7,8,9,10,11,12,13,14,15,16,17
0:00:04,,,,,,,,,,,,,,,,normal,4,26
,0,1,2,3,4,5,6,7,8,9,10,11,12,13,14,15,16,17
0:00:05,,,,,,,,,,,,,,,,normal,4,26
,0,1,2,3,4,5,6,7,8,9,10,11,12,13,14,15,16,17
0:00:06,,,,,,,,,,,,,,,,normal,4,26
,0,1,2,3,4,5,6,7,8,9,10,11,12,13,14,15,16,17
0:00:07,,,,,,,,,,,,,,,,normal,4,26
,0,1,2,3,4,5,6,7,8,9,10,11,12,13,14,15,16,17
0:00:08,,,,,,,,,,,,,,,,normal,4,26
,0,1,2,3,4,5,6,7,8,9,10,11,12,13,14,15,16,17
0:00:09,,,,,,,,,,,,,,,,normal,4,26
,0,1,2,3,4,5,6,7,8,9,10,11,12,13,14,15,16,17
0:00:10,,,,,,,,,,,,,,,,normal,4,26
,0,1,2,3,4,5,6,7,8,9,10,11,12,13,14,15,16,17
0:00:11,,,,,,,,,,,,,,,,normal,4,26
,0,1,2,3,4,5,6,7,8,9,10,11,12,13,14,15,16,17
0:00:12,,,,,,,,,,,,,,,,normal,4,26
,0,1,2,3,4,5,6,7,8,9,10,11,12,13,14,15,16,17
0:00:13,,,,,,,,,,,,,,,,normal,4,26
,0,1,2,3,4,5,6,7,8,9,10,11,12,13,14,15,16,17
0:00:14,,,,,,,,,,,,,,,,normal,4,26
,0,1,2,3,4,5,6,7,8,9,10,11,12,13,14,15,16,17
0:00:15,,,,,,,,,,,,,,,,normal,4,26
,0,1,2,3,4,5,6,7,8,9,10,11,12,13,14,15,16,17
0:00:16,,,,,,,,,,,,,,,,normal,4,26
,0,1,2,3,4,5,6,7,8,9,10,11,12,13,14,15,16,17
0:00:17,,,,,,,,,,,,,,,,normal,4,26
,0,1,2,3,4,5,6,7,8,9,10,11,12,13,14,15,16,17
0:00:18,,,,,,,,,,,,,,,,normal,4,26
,0,1,2,3,4,5,6,7,8,9,10,11,12,13,14,15,16,17
0:00:19,,,,,,,,,,,,,,,,normal,4,26
,0,1,2,3,4,5,6,7,8,9,10,11,12,13,14,15,16,17
0:00:20,,,,,,,,,,,,,,,,normal,4,26
,0,1,2,3,4,5,6,7,8,9,10,11,12,13,14,15,16,17
0:00:21,,,,,,,,,,,,,,,,normal,4,26
,0,1,2,3,4,5,6,7,8,9,10,11,12,13,14,15,16,17
0:00:22,,,,,,,,,,,,,,,,normal,4,26
,0,1,2,3,4,5,6,7,8,9,10,11,12,13,14,15,16,17
0:00:23,,,,,,,,,,,,,,,,normal,4,26
,0,1,2,3,4,5,6,7,8,9,10,11,12,13,14,15,16,17
0:00:24,,,,,,,,,,,,,,,,normal,4,26
,0,1,2,3,4,5,6,7,8,9,10,11,12,13,14,15,16,17
0:00:25,,,,,,,,,,,,,,,,normal,4,26
,0,1,2,3,4,5,6,7,8,9,10,11,12,13,14,15,16,17
0:00:26,,,,,,,,,,,,,,,,normal,4,26
